id_ejecutora,ejecutora_nombre,ind_eje,propim,proinv,z_ind_eje,z_propim,z_proinv,km_static,q,qa
MUNICIPALIDAD DISTRITAL  DE SAN JOSE DE LOS CHORRILLOS - CUENCA,MUNICIPALIDAD DISTRITAL  DE SAN JOSE DE LOS CHORRILLOS - CUENCA,.96403259,.76382577,.83796299,1.8618701,.70879614,.49444792,2,3,2
MUNICIPALIDAD DISTRITAL  HEROES ALBARRACIN - CHUCATAMANI,MUNICIPALIDAD DISTRITAL  HEROES ALBARRACIN - CHUCATAMANI,.76054007,.11052849,.55164093,.4483718,-1.7273929,-1.7444378,3,2,1
MUNICIPALIDAD DISTRITAL APARICIO POMARES,MUNICIPALIDAD DISTRITAL APARICIO POMARES,.76850516,.71436608,.89473683,.50369883,.52435762,.93838906,2,3,2
MUNICIPALIDAD DISTRITAL ASCENSION,MUNICIPALIDAD DISTRITAL ASCENSION,.72708887,.38407564,.85287237,.21601331,-.70731741,.61103135,2,3,2
MUNICIPALIDAD DISTRITAL CANOAS DE PUNTA SAL,MUNICIPALIDAD DISTRITAL CANOAS DE PUNTA SAL,.61458915,.38177383,.91358227,-.56543136,-.71590102,1.0857503,1,1,3
MUNICIPALIDAD DISTRITAL DE  EL ARENAL,MUNICIPALIDAD DISTRITAL DE  EL ARENAL,.75956589,.25256598,.61449581,.44160497,-1.1977257,-1.2529461,3,2,1
MUNICIPALIDAD DISTRITAL DE  PEVAS,MUNICIPALIDAD DISTRITAL DE  PEVAS,.76323026,.34714293,.82336956,.46705842,-.84504193,.38033515,3,2,1
MUNICIPALIDAD DISTRITAL DE ABELARDO PARDO LEZAMETA,MUNICIPALIDAD DISTRITAL DE ABELARDO PARDO LEZAMETA,.44350851,.37855715,.64642859,-1.7537905,-.72789627,-1.0032489,3,2,1
MUNICIPALIDAD DISTRITAL DE ACARI,MUNICIPALIDAD DISTRITAL DE ACARI,.38187122,.9568221,.96866095,-2.1819348,1.4284923,1.5164362,1,1,3
MUNICIPALIDAD DISTRITAL DE ACAS,MUNICIPALIDAD DISTRITAL DE ACAS,.68777579,.79419804,.88486844,-.057062898,.82205635,.86122358,2,3,3
MUNICIPALIDAD DISTRITAL DE ACCHA,MUNICIPALIDAD DISTRITAL DE ACCHA,.92511165,.1910603,.74263781,1.5915177,-1.4270844,-.25094405,3,2,1
MUNICIPALIDAD DISTRITAL DE ACCOMARCA,MUNICIPALIDAD DISTRITAL DE ACCOMARCA,.59946275,.56803781,.4236111,-.67050231,-.021310234,-2.7455628,3,2,1
MUNICIPALIDAD DISTRITAL DE ACHAYA,MUNICIPALIDAD DISTRITAL DE ACHAYA,.65553832,.13763334,.64659089,-.28099057,-1.6263171,-1.0019797,3,2,1
MUNICIPALIDAD DISTRITAL DE ACHOMA,MUNICIPALIDAD DISTRITAL DE ACHOMA,.91457355,.11168071,.6102941,1.5183181,-1.7230963,-1.2858013,3,2,1
MUNICIPALIDAD DISTRITAL DE ACO,MUNICIPALIDAD DISTRITAL DE ACO,.53703487,.40669259,.73554993,-1.1041384,-.62297732,-.30636755,3,2,1
MUNICIPALIDAD DISTRITAL DE ACOBAMBA,MUNICIPALIDAD DISTRITAL DE ACOBAMBA,.63460499,.3199209,.78487378,-.4263975,-.94655472,.079318695,3,2,1
MUNICIPALIDAD DISTRITAL DE ACOBAMBILLA,MUNICIPALIDAD DISTRITAL DE ACOBAMBILLA,.48302639,.66924012,.80555558,-1.4792917,.35607991,.24103932,1,1,3
MUNICIPALIDAD DISTRITAL DE ACOCHACA,MUNICIPALIDAD DISTRITAL DE ACOCHACA,.76226461,.5519762,.92324561,.46035078,-.081205025,1.1613126,2,3,2
MUNICIPALIDAD DISTRITAL DE ACOCRO,MUNICIPALIDAD DISTRITAL DE ACOCRO,.57700545,.7200551,.77404875,-.82649505,.5455724,-.005327323,1,1,3
MUNICIPALIDAD DISTRITAL DE ACOLLA,MUNICIPALIDAD DISTRITAL DE ACOLLA,.82213467,.72164297,.74057972,.87621981,.55149364,-.26703721,2,3,2
MUNICIPALIDAD DISTRITAL DE ACOPAMPA,MUNICIPALIDAD DISTRITAL DE ACOPAMPA,.64142507,.49486274,.79927027,-.37902391,-.29418495,.19189155,1,1,3
MUNICIPALIDAD DISTRITAL DE ACOPIA,MUNICIPALIDAD DISTRITAL DE ACOPIA,.88564634,.89615881,.80370373,1.3173841,1.2022749,.22655879,2,3,2
MUNICIPALIDAD DISTRITAL DE ACORA,MUNICIPALIDAD DISTRITAL DE ACORA,.66813082,.67222786,.87193668,-.19352068,.36722142,.76010406,1,1,3
MUNICIPALIDAD DISTRITAL DE ACORIA,MUNICIPALIDAD DISTRITAL DE ACORIA,.68362588,.5045765,.84409821,-.085888997,-.25796166,.54242212,2,3,2
MUNICIPALIDAD DISTRITAL DE ACOS,MUNICIPALIDAD DISTRITAL DE ACOS,.88618636,.91453332,.79181588,1.3211352,1.2707946,.13360216,2,3,2
MUNICIPALIDAD DISTRITAL DE ACOS VINCHOS,MUNICIPALIDAD DISTRITAL DE ACOS VINCHOS,.75240862,.25092506,.7073378,.39188921,-1.2038448,-.52697134,3,2,1
MUNICIPALIDAD DISTRITAL DE ACOSTAMBO,MUNICIPALIDAD DISTRITAL DE ACOSTAMBO,.57069492,.66088909,.77609712,-.87032914,.32493839,.010689862,1,1,3
MUNICIPALIDAD DISTRITAL DE ACRAQUIA,MUNICIPALIDAD DISTRITAL DE ACRAQUIA,.69051456,.32800654,.6860131,-.038038846,-.91640282,-.69371909,3,2,1
MUNICIPALIDAD DISTRITAL DE ACZO,MUNICIPALIDAD DISTRITAL DE ACZO,.54556519,.44695303,.78918129,-1.0448852,-.47284344,.11300112,1,1,3
MUNICIPALIDAD DISTRITAL DE AGALLPAMPA,MUNICIPALIDAD DISTRITAL DE AGALLPAMPA,.27559853,.39301169,.6156041,-2.9201255,-.6739943,-1.2442799,1,1,1
MUNICIPALIDAD DISTRITAL DE AGUA BLANCA,MUNICIPALIDAD DISTRITAL DE AGUA BLANCA,.78438044,.34469113,.65835041,.61397159,-.85418487,-.91002661,3,2,1
MUNICIPALIDAD DISTRITAL DE AGUAS VERDES,MUNICIPALIDAD DISTRITAL DE AGUAS VERDES,.71344411,.91055715,.8860991,.12123422,1.2559673,.87084663,2,3,2
MUNICIPALIDAD DISTRITAL DE AHUAC,MUNICIPALIDAD DISTRITAL DE AHUAC,.88300788,.26889986,.74177068,1.2990568,-1.1368155,-.25772452,3,2,1
MUNICIPALIDAD DISTRITAL DE AHUAYCHA,MUNICIPALIDAD DISTRITAL DE AHUAYCHA,.84834611,.80518216,.78473926,1.0582895,.86301684,.078266762,2,3,2
MUNICIPALIDAD DISTRITAL DE AHUAYRO,MUNICIPALIDAD DISTRITAL DE AHUAYRO,.77455586,.70883715,.91666669,.54572821,.50373989,1.1098689,2,3,2
MUNICIPALIDAD DISTRITAL DE AJOYANI,MUNICIPALIDAD DISTRITAL DE AJOYANI,.79028636,.97545755,.94703013,.65499526,1.4979851,1.3472948,2,3,2
MUNICIPALIDAD DISTRITAL DE ALBERTO LEVEAU,MUNICIPALIDAD DISTRITAL DE ALBERTO LEVEAU,.44328451,.96505702,.8888889,-1.7553464,1.4592009,.89266139,1,1,3
MUNICIPALIDAD DISTRITAL DE ALCA,MUNICIPALIDAD DISTRITAL DE ALCA,.82253599,.45980072,.83564812,.8790074,-.42493355,.47634691,2,3,2
MUNICIPALIDAD DISTRITAL DE ALCAMENCA,MUNICIPALIDAD DISTRITAL DE ALCAMENCA,.63404465,.51408434,.82649571,-.43028978,-.22250631,.40477994,1,1,3
MUNICIPALIDAD DISTRITAL DE ALEXANDER VON HUMBOLDT,MUNICIPALIDAD DISTRITAL DE ALEXANDER VON HUMBOLDT,.67969519,.16306791,.60296297,-.11319231,-1.5314699,-1.3431268,3,2,1
MUNICIPALIDAD DISTRITAL DE ALFONSO UGARTE,MUNICIPALIDAD DISTRITAL DE ALFONSO UGARTE,.66047901,.13796934,.72222221,-.2466716,-1.6250641,-.4105832,3,2,1
MUNICIPALIDAD DISTRITAL DE ALIS,MUNICIPALIDAD DISTRITAL DE ALIS,.80579776,.64572114,.83439153,.76274043,.26837608,.46652108,2,3,2
MUNICIPALIDAD DISTRITAL DE ALONSO DE ALVARADO,MUNICIPALIDAD DISTRITAL DE ALONSO DE ALVARADO,.80544263,.76583421,.75631315,.76027364,.71628577,-.14401026,2,3,2
MUNICIPALIDAD DISTRITAL DE ALTO BIAVO,MUNICIPALIDAD DISTRITAL DE ALTO BIAVO,.66504681,.63538331,.78450823,-.21494277,.22982562,.07646025,1,1,3
MUNICIPALIDAD DISTRITAL DE ALTO DE LA ALIANZA,MUNICIPALIDAD DISTRITAL DE ALTO DE LA ALIANZA,.75647718,.97478038,.97671843,.42015016,1.4954599,1.5794414,2,3,2
MUNICIPALIDAD DISTRITAL DE ALTO INAMBARI,MUNICIPALIDAD DISTRITAL DE ALTO INAMBARI,.8218748,.79456717,.90081745,.87441462,.82343286,.98593634,2,3,2
MUNICIPALIDAD DISTRITAL DE ALTO LARAN,MUNICIPALIDAD DISTRITAL DE ALTO LARAN,.6440413,.77655637,.80136263,-.36085111,.7562694,.20825271,1,1,3
MUNICIPALIDAD DISTRITAL DE ALTO NANAY,MUNICIPALIDAD DISTRITAL DE ALTO NANAY,.45127261,.70726347,.78962964,-1.6998596,.49787155,.11650694,1,1,3
MUNICIPALIDAD DISTRITAL DE ALTO PICHIGUA,MUNICIPALIDAD DISTRITAL DE ALTO PICHIGUA,.92289603,.51205844,.78224206,1.5761275,-.23006104,.05874002,2,3,2
MUNICIPALIDAD DISTRITAL DE ALTO SAPOSOA,MUNICIPALIDAD DISTRITAL DE ALTO SAPOSOA,.90898049,.10268316,.61346978,1.4794675,-1.7566488,-1.2609692,3,2,1
MUNICIPALIDAD DISTRITAL DE ALTO SELVA ALEGRE,MUNICIPALIDAD DISTRITAL DE ALTO SELVA ALEGRE,.67004085,.8767544,.93830544,-.18025324,1.1299145,1.2790724,1,1,3
MUNICIPALIDAD DISTRITAL DE ALTO TAPICHE,MUNICIPALIDAD DISTRITAL DE ALTO TAPICHE,.68822622,.98391151,.8587963,-.053934108,1.5295105,.65735334,2,3,3
MUNICIPALIDAD DISTRITAL DE ALTO TRUJILLO,MUNICIPALIDAD DISTRITAL DE ALTO TRUJILLO,.18269446,1,1,-3.565455,1.5895056,1.7614909,1,1,3
MUNICIPALIDAD DISTRITAL DE AMANTANI,MUNICIPALIDAD DISTRITAL DE AMANTANI,.79410428,.91300684,.89780009,.68151528,1.2651023,.96234214,2,3,2
MUNICIPALIDAD DISTRITAL DE AMARILIS,MUNICIPALIDAD DISTRITAL DE AMARILIS,.73074257,.9309361,.92431021,.24139266,1.3319616,1.1696371,2,3,2
MUNICIPALIDAD DISTRITAL DE AMASHCA,MUNICIPALIDAD DISTRITAL DE AMASHCA,.54070336,.89388794,.9861111,-1.0786563,1.1938066,1.6528872,1,1,3
MUNICIPALIDAD DISTRITAL DE AMBAR,MUNICIPALIDAD DISTRITAL DE AMBAR,.69119328,.77368313,.73534089,-.033324338,.74555486,-.30800208,2,3,2
MUNICIPALIDAD DISTRITAL DE AMOTAPE,MUNICIPALIDAD DISTRITAL DE AMOTAPE,.61550426,.63541651,.71904761,-.55907482,.22994943,-.43540689,1,1,3
MUNICIPALIDAD DISTRITAL DE ANANEA,MUNICIPALIDAD DISTRITAL DE ANANEA,.85877877,.77828836,.84722221,1.1307567,.7627281,.56685013,2,3,2
MUNICIPALIDAD DISTRITAL DE ANAPIA,MUNICIPALIDAD DISTRITAL DE ANAPIA,.78321111,.23051606,.5,.60584921,-1.2799513,-2.1482422,3,2,1
MUNICIPALIDAD DISTRITAL DE ANCAHUASI,MUNICIPALIDAD DISTRITAL DE ANCAHUASI,.85672832,.40100628,.89021164,1.1165138,-.64418191,.90300453,2,3,2
MUNICIPALIDAD DISTRITAL DE ANCHIHUAY,MUNICIPALIDAD DISTRITAL DE ANCHIHUAY,.39995745,.72526336,.84448928,-2.0563045,.56499434,.54548001,1,1,3
MUNICIPALIDAD DISTRITAL DE ANCHONGA,MUNICIPALIDAD DISTRITAL DE ANCHONGA,.56557631,.44069844,.7154882,-.90588397,-.49616721,-.46323958,3,2,1
MUNICIPALIDAD DISTRITAL DE ANCO,MUNICIPALIDAD DISTRITAL DE ANCO,.59908432,.76571286,.81852531,-.67313093,.71583319,.34245571,1,1,3
MUNICIPALIDAD DISTRITAL DE ANCO HUALLO,MUNICIPALIDAD DISTRITAL DE ANCO HUALLO,.54973882,.37847254,.90309107,-1.0158943,-.72821176,1.0037148,1,1,3
MUNICIPALIDAD DISTRITAL DE ANCON,MUNICIPALIDAD DISTRITAL DE ANCON,.81351191,.89985645,.8740741,.81632441,1.2160636,.77681756,2,3,2
MUNICIPALIDAD DISTRITAL DE ANDABAMBA,MUNICIPALIDAD DISTRITAL DE ANDABAMBA,.77509063,.17926048,.64444447,.54944283,-1.4710869,-1.0187637,3,2,1
MUNICIPALIDAD DISTRITAL DE ANDAGUA,MUNICIPALIDAD DISTRITAL DE ANDAGUA,.71762294,.54230171,.94154042,.15026112,-.11728184,1.3043681,2,3,2
MUNICIPALIDAD DISTRITAL DE ANDAHUAYLILLAS,MUNICIPALIDAD DISTRITAL DE ANDAHUAYLILLAS,.89789414,.98497748,.90477425,1.4024596,1.5334857,1.0168763,2,3,2
MUNICIPALIDAD DISTRITAL DE ANDAJES,MUNICIPALIDAD DISTRITAL DE ANDAJES,.78749776,.92862606,.8909933,.63562512,1.3233473,.90911669,2,3,2
MUNICIPALIDAD DISTRITAL DE ANDAMARCA,MUNICIPALIDAD DISTRITAL DE ANDAMARCA,.65535867,.33533037,.76249713,-.28223845,-.88909179,-.095654815,3,2,1
MUNICIPALIDAD DISTRITAL DE ANDARAPA,MUNICIPALIDAD DISTRITAL DE ANDARAPA,.67650825,.82180882,.69949824,-.13532943,.92501879,-.58827251,1,1,3
MUNICIPALIDAD DISTRITAL DE ANDARAY,MUNICIPALIDAD DISTRITAL DE ANDARAY,.52092832,.97000897,.95679009,-1.2160175,1.477667,1.4236125,1,1,3
MUNICIPALIDAD DISTRITAL DE ANDAYMARCA,MUNICIPALIDAD DISTRITAL DE ANDAYMARCA,.78607386,.36057764,.75542295,.62573445,-.79494303,-.15097111,3,2,1
MUNICIPALIDAD DISTRITAL DE ANDOAS,MUNICIPALIDAD DISTRITAL DE ANDOAS,.61564946,.49064749,.78565592,-.55806625,-.30990386,.085434556,1,1,3
MUNICIPALIDAD DISTRITAL DE ANDRES AVELINO CACERES DORREGARAY,MUNICIPALIDAD DISTRITAL DE ANDRES AVELINO CACERES DORREGARAY,.63745213,.87600744,.80111557,-.40662077,1.1271291,.20632082,1,1,3
MUNICIPALIDAD DISTRITAL DE ANGASMARCA,MUNICIPALIDAD DISTRITAL DE ANGASMARCA,.53214729,.29345492,.84621012,-1.1380885,-1.0452482,.55893612,1,1,3
MUNICIPALIDAD DISTRITAL DE ANGUIA,MUNICIPALIDAD DISTRITAL DE ANGUIA,.6123113,.18126781,.59512824,-.58125377,-1.4636014,-1.4043902,3,2,1
MUNICIPALIDAD DISTRITAL DE ANRA,MUNICIPALIDAD DISTRITAL DE ANRA,.58963513,.9929837,.99090356,-.73876679,1.5633413,1.6903616,1,1,3
MUNICIPALIDAD DISTRITAL DE ANTA,MUNICIPALIDAD DISTRITAL DE ANTA,.70504588,.35703567,.75457877,.062898465,-.8081513,-.15757215,3,2,1
MUNICIPALIDAD DISTRITAL DE ANTAUTA,MUNICIPALIDAD DISTRITAL DE ANTAUTA,.61276531,.99783272,.98373985,-.57810014,1.5814236,1.6343453,1,1,3
MUNICIPALIDAD DISTRITAL DE ANTIOQUIA,MUNICIPALIDAD DISTRITAL DE ANTIOQUIA,.71357566,.51469457,.75790852,.12214797,-.22023071,-.13153525,3,2,1
MUNICIPALIDAD DISTRITAL DE ANTONIO RAYMONDI,MUNICIPALIDAD DISTRITAL DE ANTONIO RAYMONDI,.52181095,.78212231,.82790667,-1.2098867,.77702516,.41581288,1,1,3
MUNICIPALIDAD DISTRITAL DE APATA,MUNICIPALIDAD DISTRITAL DE APATA,.7957145,.69073629,.85396826,.69270015,.43624058,.61960065,2,3,2
MUNICIPALIDAD DISTRITAL DE APONGO,MUNICIPALIDAD DISTRITAL DE APONGO,.67302388,.65225571,.77973139,-.15953252,.29274395,.039107945,1,1,3
MUNICIPALIDAD DISTRITAL DE AQUIA,MUNICIPALIDAD DISTRITAL DE AQUIA,.77153265,.7235896,.74796236,.52472842,.55875278,-.20930897,2,3,2
MUNICIPALIDAD DISTRITAL DE ARAHUAY,MUNICIPALIDAD DISTRITAL DE ARAHUAY,.61367923,.054084241,.74783552,-.57175189,-1.9378773,-.21030079,3,2,1
MUNICIPALIDAD DISTRITAL DE ARAMANGO,MUNICIPALIDAD DISTRITAL DE ARAMANGO,.59841496,.072429076,.54492062,-.67778045,-1.8694682,-1.7969869,3,2,1
MUNICIPALIDAD DISTRITAL DE ARANCAY,MUNICIPALIDAD DISTRITAL DE ARANCAY,.7200197,.33703938,.78650796,.1669095,-.88271874,.092097118,3,2,1
MUNICIPALIDAD DISTRITAL DE ARAPA,MUNICIPALIDAD DISTRITAL DE ARAPA,.89704543,.7981903,.82416052,1.3965644,.83694375,.38652,2,3,2
MUNICIPALIDAD DISTRITAL DE ARMA,MUNICIPALIDAD DISTRITAL DE ARMA,.68737739,.48794091,.61889201,-.059830241,-.31999692,-1.2185701,3,2,1
MUNICIPALIDAD DISTRITAL DE ASIA,MUNICIPALIDAD DISTRITAL DE ASIA,.56626165,.95461601,.93049264,-.90112352,1.4202657,1.2179805,1,1,3
MUNICIPALIDAD DISTRITAL DE ASILLO,MUNICIPALIDAD DISTRITAL DE ASILLO,.89444023,.49523297,.81124872,1.3784682,-.29280433,.28555661,2,3,2
MUNICIPALIDAD DISTRITAL DE ASQUIPATA,MUNICIPALIDAD DISTRITAL DE ASQUIPATA,.67294908,.5381906,.65705127,-.16005212,-.13261245,-.92018521,3,2,1
MUNICIPALIDAD DISTRITAL DE ASUNCION,MUNICIPALIDAD DISTRITAL DE ASUNCION,.84111595,.41586536,.70160973,1.0080674,-.5887714,-.57176179,3,2,1
MUNICIPALIDAD DISTRITAL DE ATAQUERO,MUNICIPALIDAD DISTRITAL DE ATAQUERO,.67279303,.99935949,.93333334,-.16113603,1.5871171,1.2401932,1,1,3
MUNICIPALIDAD DISTRITAL DE ATAURA,MUNICIPALIDAD DISTRITAL DE ATAURA,.6590386,.55809653,.83076924,-.25667694,-.05838193,.43819669,1,1,3
MUNICIPALIDAD DISTRITAL DE ATAVILLOS ALTO,MUNICIPALIDAD DISTRITAL DE ATAVILLOS ALTO,.70094615,.60795271,.85555553,.034420971,.1275351,.63201225,2,3,2
MUNICIPALIDAD DISTRITAL DE ATAVILLOS BAJO,MUNICIPALIDAD DISTRITAL DE ATAVILLOS BAJO,.64039975,.25742462,.63128304,-.38614598,-1.1796075,-1.1216789,3,2,1
MUNICIPALIDAD DISTRITAL DE ATE - VITARTE,MUNICIPALIDAD DISTRITAL DE ATE - VITARTE,.73361522,.80384231,.94403559,.26134661,.85802042,1.3238791,2,3,2
MUNICIPALIDAD DISTRITAL DE ATICO,MUNICIPALIDAD DISTRITAL DE ATICO,.55794162,.83942729,.89731121,-.95891607,.99071926,.9585194,1,1,3
MUNICIPALIDAD DISTRITAL DE ATIQUIPA,MUNICIPALIDAD DISTRITAL DE ATIQUIPA,.51020312,.99354702,.95555556,-1.2905169,1.565442,1.4139591,1,1,3
MUNICIPALIDAD DISTRITAL DE ATUNCOLLA,MUNICIPALIDAD DISTRITAL DE ATUNCOLLA,.89033389,.5424999,.78033209,1.3499447,-.11654279,.043805066,2,3,2
MUNICIPALIDAD DISTRITAL DE AUCALLAMA,MUNICIPALIDAD DISTRITAL DE AUCALLAMA,.84093463,.75527513,.86064297,1.0068079,.67691022,.67179328,2,3,2
MUNICIPALIDAD DISTRITAL DE AUCARA,MUNICIPALIDAD DISTRITAL DE AUCARA,.63404149,.32859004,.77320349,-.43031171,-.91422695,-.011936754,3,2,1
MUNICIPALIDAD DISTRITAL DE AURAHUA,MUNICIPALIDAD DISTRITAL DE AURAHUA,.55793196,.4472937,.70457518,-.95898318,-.47157305,-.54857355,3,2,1
MUNICIPALIDAD DISTRITAL DE AWAJUN,MUNICIPALIDAD DISTRITAL DE AWAJUN,.81801689,.12285253,.8453961,.84761685,-1.6814358,.55257094,3,2,1
MUNICIPALIDAD DISTRITAL DE AYAHUANCO,MUNICIPALIDAD DISTRITAL DE AYAHUANCO,.65776885,.23376912,.87105823,-.26549691,-1.2678205,.75323504,3,2,1
MUNICIPALIDAD DISTRITAL DE AYAPATA,MUNICIPALIDAD DISTRITAL DE AYAPATA,.77130127,.83371651,.86932325,.52312118,.96942335,.73966849,2,3,2
MUNICIPALIDAD DISTRITAL DE AYAUCA,MUNICIPALIDAD DISTRITAL DE AYAUCA,.57959044,.71103662,.62077922,-.80853915,.51194185,-1.2038133,1,1,1
MUNICIPALIDAD DISTRITAL DE AYAVI,MUNICIPALIDAD DISTRITAL DE AYAVI,.73059976,.85186863,.94102561,.24040064,1.0371138,1.3003427,2,3,2
MUNICIPALIDAD DISTRITAL DE AYAVIRI,MUNICIPALIDAD DISTRITAL DE AYAVIRI,.84414911,.8702479,.66666669,1.0291363,1.1056514,-.8449977,2,3,2
MUNICIPALIDAD DISTRITAL DE AYNA,MUNICIPALIDAD DISTRITAL DE AYNA,.78181058,.10571081,.5744108,.59612089,-1.7453585,-1.5663896,3,2,1
MUNICIPALIDAD DISTRITAL DE AYO,MUNICIPALIDAD DISTRITAL DE AYO,.64353806,.25296867,.78055555,-.36434671,-1.1962241,.045552388,3,2,1
MUNICIPALIDAD DISTRITAL DE AZANGARO,MUNICIPALIDAD DISTRITAL DE AZANGARO,.87639028,.6396817,.8611111,1.2530897,.2458546,.67545384,2,3,2
MUNICIPALIDAD DISTRITAL DE BAJO BIAVO,MUNICIPALIDAD DISTRITAL DE BAJO BIAVO,.80644375,.92453301,.76984125,.76722759,1.3080841,-.038227666,2,3,2
MUNICIPALIDAD DISTRITAL DE BALSAPUERTO,MUNICIPALIDAD DISTRITAL DE BALSAPUERTO,.83904481,.28876016,.78360623,.99368083,-1.0627552,.069407113,3,2,1
MUNICIPALIDAD DISTRITAL DE BALSAS,MUNICIPALIDAD DISTRITAL DE BALSAS,.95855296,.032497689,.41666666,1.8238075,-2.0183749,-2.7998645,3,2,1
MUNICIPALIDAD DISTRITAL DE BAMBAMARCA,MUNICIPALIDAD DISTRITAL DE BAMBAMARCA,.61673468,.2643618,.72390574,-.55052811,-1.1537383,-.39741886,3,2,1
MUNICIPALIDAD DISTRITAL DE BAMBAS,MUNICIPALIDAD DISTRITAL DE BAMBAS,.55885023,.85309654,.94841272,-.95260471,1.0416927,1.3581059,1,1,3
MUNICIPALIDAD DISTRITAL DE BARRANCO,MUNICIPALIDAD DISTRITAL DE BARRANCO,.5321902,.88650733,.92417824,-1.1377903,1.1662838,1.1686052,1,1,3
MUNICIPALIDAD DISTRITAL DE BARRANQUITA,MUNICIPALIDAD DISTRITAL DE BARRANQUITA,.81542498,.4730427,.77380955,.82961297,-.37555334,-.0071976883,2,3,2
MUNICIPALIDAD DISTRITAL DE BAÑOS,MUNICIPALIDAD DISTRITAL DE BAÑOS,.59591299,.39193609,.6704365,-.69515955,-.67800528,-.81551981,3,2,1
MUNICIPALIDAD DISTRITAL DE BELEN,MUNICIPALIDAD DISTRITAL DE BELEN,.63566405,.50074172,.72167289,-.41904113,-.27226183,-.41487855,3,2,1
MUNICIPALIDAD DISTRITAL DE BELLA UNION,MUNICIPALIDAD DISTRITAL DE BELLA UNION,.90260494,.61019927,.90625519,1.4351817,.13591267,1.0284564,2,3,2
MUNICIPALIDAD DISTRITAL DE BELLAVISTA,MUNICIPALIDAD DISTRITAL DE BELLAVISTA,.65319657,.52826518,.7634297,-.2972568,-.16962501,-.088362582,1,1,1
MUNICIPALIDAD DISTRITAL DE BELLAVISTA DE LA UNION,MUNICIPALIDAD DISTRITAL DE BELLAVISTA DE LA UNION,.59952593,.3812404,.68176812,-.67006344,-.7178902,-.72691256,3,2,1
MUNICIPALIDAD DISTRITAL DE BERNAL,MUNICIPALIDAD DISTRITAL DE BERNAL,.40443486,.084988125,.67888737,-2.0252035,-1.8226347,-.74943852,3,2,1
MUNICIPALIDAD DISTRITAL DE BOLIVAR,MUNICIPALIDAD DISTRITAL DE BOLIVAR,.92640388,.035462987,.60000002,1.6004938,-2.0073173,-1.3662955,3,2,1
MUNICIPALIDAD DISTRITAL DE BOLOGNESI,MUNICIPALIDAD DISTRITAL DE BOLOGNESI,.39666161,.44678116,.82649571,-2.0791981,-.47348437,.40477994,1,1,3
MUNICIPALIDAD DISTRITAL DE BOQUERON,MUNICIPALIDAD DISTRITAL DE BOQUERON,.6148479,.92250156,.89666665,-.5636341,1.3005087,.95347923,1,1,3
MUNICIPALIDAD DISTRITAL DE BREÑA,MUNICIPALIDAD DISTRITAL DE BREÑA,.33279037,.81810331,.70158732,-2.5228601,.9112007,-.57193702,1,1,3
MUNICIPALIDAD DISTRITAL DE BUENA VISTA ALTA,MUNICIPALIDAD DISTRITAL DE BUENA VISTA ALTA,.63349903,.58095139,.77200854,-.43407977,.026845383,-.021280656,1,1,3
MUNICIPALIDAD DISTRITAL DE BUENOS AIRES,MUNICIPALIDAD DISTRITAL DE BUENOS AIRES,.85202676,.39622557,.49059975,1.083856,-.66200954,-2.2217472,3,2,1
MUNICIPALIDAD DISTRITAL DE BULDIBUYO,MUNICIPALIDAD DISTRITAL DE BULDIBUYO,.82054126,.76538736,.90731835,.86515164,.7146194,1.0367699,2,3,2
MUNICIPALIDAD DISTRITAL DE CABANA,MUNICIPALIDAD DISTRITAL DE CABANA,.43835357,.67424047,.73625183,-1.7895977,.37472656,-.30087903,1,1,3
MUNICIPALIDAD DISTRITAL DE CABANACONDE,MUNICIPALIDAD DISTRITAL DE CABANACONDE,.89222497,.58766901,.79652631,1.3630805,.051895846,.17043526,2,3,2
MUNICIPALIDAD DISTRITAL DE CABANILLA,MUNICIPALIDAD DISTRITAL DE CABANILLA,.90930402,.59785551,.8263889,1.4817148,.089881957,.40394473,2,3,2
MUNICIPALIDAD DISTRITAL DE CABANILLAS,MUNICIPALIDAD DISTRITAL DE CABANILLAS,.7158705,.68309313,.8527301,.13808836,.40773872,.60991883,2,3,2
MUNICIPALIDAD DISTRITAL DE CACATACHI,MUNICIPALIDAD DISTRITAL DE CACATACHI,.48729053,.37598431,.56825399,-1.4496721,-.73749053,-1.6145325,3,2,1
MUNICIPALIDAD DISTRITAL DE CACERES DEL PERU,MUNICIPALIDAD DISTRITAL DE CACERES DEL PERU,.53748912,.59412098,.63815284,-1.1009831,.075955652,-1.0679609,3,2,1
MUNICIPALIDAD DISTRITAL DE CACHACHI,MUNICIPALIDAD DISTRITAL DE CACHACHI,.77831566,.48347029,.73384672,.57184452,-.33666813,-.31968567,3,2,1
MUNICIPALIDAD DISTRITAL DE CACHICADAN,MUNICIPALIDAD DISTRITAL DE CACHICADAN,.60242021,.19709399,.81556374,-.64995921,-1.4045844,.31929776,3,2,1
MUNICIPALIDAD DISTRITAL DE CACHIMAYO,MUNICIPALIDAD DISTRITAL DE CACHIMAYO,.89919978,.72385567,.81587303,1.4115288,.55974495,.32171625,2,3,2
MUNICIPALIDAD DISTRITAL DE CACRA,MUNICIPALIDAD DISTRITAL DE CACRA,.56487393,.63293678,.761244,-.91076285,.22070234,-.10545361,1,1,3
MUNICIPALIDAD DISTRITAL DE CAHUAC,MUNICIPALIDAD DISTRITAL DE CAHUAC,.511401,.13082236,.45726496,-1.2821962,-1.6517158,-2.4824076,3,2,1
MUNICIPALIDAD DISTRITAL DE CAHUACHO,MUNICIPALIDAD DISTRITAL DE CAHUACHO,.40756822,.27859133,.67603487,-2.0034387,-1.1006755,-.77174354,3,2,1
MUNICIPALIDAD DISTRITAL DE CAHUAPANAS,MUNICIPALIDAD DISTRITAL DE CAHUAPANAS,.62712175,.60096538,.87722224,-.47837758,.10147887,.80143434,1,1,3
MUNICIPALIDAD DISTRITAL DE CAICAY,MUNICIPALIDAD DISTRITAL DE CAICAY,.64574075,.90279031,.85961282,-.34904641,1.2270042,.66373807,1,1,3
MUNICIPALIDAD DISTRITAL DE CAIRANI,MUNICIPALIDAD DISTRITAL DE CAIRANI,.77372581,.70422399,.83333331,.53996247,.48653713,.45824635,2,3,2
MUNICIPALIDAD DISTRITAL DE CAJA,MUNICIPALIDAD DISTRITAL DE CAJA,.42218927,.59655422,.64853799,-1.901878,.085029364,-.98675442,1,1,3
MUNICIPALIDAD DISTRITAL DE CAJACAY,MUNICIPALIDAD DISTRITAL DE CAJACAY,.52489692,.56080389,.85530305,-1.1884509,-.048285995,.63003796,1,1,3
MUNICIPALIDAD DISTRITAL DE CAJAMARQUILLA,MUNICIPALIDAD DISTRITAL DE CAJAMARQUILLA,.74805343,.90077287,.9212963,.3616372,1.219481,1.14607,2,3,2
MUNICIPALIDAD DISTRITAL DE CAJARURO,MUNICIPALIDAD DISTRITAL DE CAJARURO,.93766606,.62743139,.71791184,1.678723,.20017239,-.44428799,2,3,2
MUNICIPALIDAD DISTRITAL DE CAJAY,MUNICIPALIDAD DISTRITAL DE CAJAY,.525859,.92602593,.96973503,-1.1817682,1.3136513,1.524835,1,1,3
MUNICIPALIDAD DISTRITAL DE CALAMARCA,MUNICIPALIDAD DISTRITAL DE CALAMARCA,.56517923,.12376125,.59526855,-.90864223,-1.6780471,-1.4032931,3,2,1
MUNICIPALIDAD DISTRITAL DE CALANA,MUNICIPALIDAD DISTRITAL DE CALANA,.75578237,.66955125,.90654814,.41532388,.35724017,1.0307473,2,3,2
MUNICIPALIDAD DISTRITAL DE CALANGO,MUNICIPALIDAD DISTRITAL DE CALANGO,.77136034,.91597003,.70941246,.52353144,1.2761523,-.51074862,2,3,2
MUNICIPALIDAD DISTRITAL DE CALAPUJA,MUNICIPALIDAD DISTRITAL DE CALAPUJA,.86629814,.61597896,.5112434,1.1829877,.1574655,-2.0603249,3,2,1
MUNICIPALIDAD DISTRITAL DE CALETA DE CARQUIN,MUNICIPALIDAD DISTRITAL DE CALETA DE CARQUIN,.28685442,.96344316,.94871795,-2.8419399,1.4531827,1.3604927,1,1,3
MUNICIPALIDAD DISTRITAL DE CALLAHUANCA,MUNICIPALIDAD DISTRITAL DE CALLAHUANCA,.57952505,.49437401,.71937323,-.80899334,-.29600745,-.4328607,3,2,1
MUNICIPALIDAD DISTRITAL DE CALLALLI,MUNICIPALIDAD DISTRITAL DE CALLALLI,.67881525,.6046052,.77167058,-.11930457,.115052,-.02392331,1,1,2
MUNICIPALIDAD DISTRITAL DE CALLANMARCA,MUNICIPALIDAD DISTRITAL DE CALLANMARCA,.51890278,.89072978,.74603176,-1.2300874,1.1820296,-.22440518,1,1,3
MUNICIPALIDAD DISTRITAL DE CALLAYUC,MUNICIPALIDAD DISTRITAL DE CALLAYUC,.72314554,.36284804,.75335246,.18862222,-.78647655,-.16716121,3,2,1
MUNICIPALIDAD DISTRITAL DE CALQUIS,MUNICIPALIDAD DISTRITAL DE CALQUIS,.82370013,.53204763,.73148149,.88709372,-.15552001,-.33818054,2,3,2
MUNICIPALIDAD DISTRITAL DE CALZADA,MUNICIPALIDAD DISTRITAL DE CALZADA,.92190593,.29072654,.58131313,1.5692502,-1.0554224,-1.512417,3,2,1
MUNICIPALIDAD DISTRITAL DE CAMANTI,MUNICIPALIDAD DISTRITAL DE CAMANTI,.92612398,.92021674,.94871795,1.5985495,1.2919885,1.3604927,2,3,2
MUNICIPALIDAD DISTRITAL DE CAMILACA,MUNICIPALIDAD DISTRITAL DE CAMILACA,.80858099,.28054857,.8173759,.78207332,-1.0933768,.3334679,3,2,1
MUNICIPALIDAD DISTRITAL DE CAMINACA,MUNICIPALIDAD DISTRITAL DE CAMINACA,.85508573,.5941205,.74684185,1.1051042,.075953871,-.21807075,2,3,2
MUNICIPALIDAD DISTRITAL DE CAMPANILLA,MUNICIPALIDAD DISTRITAL DE CAMPANILLA,.90772355,.66041696,.61904764,1.4707366,.32317778,-1.2173532,2,3,2
MUNICIPALIDAD DISTRITAL DE CAMPORREDONDO,MUNICIPALIDAD DISTRITAL DE CAMPORREDONDO,.82390487,.39124241,.78353971,.88851595,-.68059206,.068886973,3,2,2
MUNICIPALIDAD DISTRITAL DE CAMPOVERDE,MUNICIPALIDAD DISTRITAL DE CAMPOVERDE,.72715408,.61985767,.7449193,.21646626,.17192948,-.23310405,2,3,2
MUNICIPALIDAD DISTRITAL DE CANARIA,MUNICIPALIDAD DISTRITAL DE CANARIA,.64596707,.51605797,.82874173,-.34747434,-.21514653,.42234263,1,1,3
MUNICIPALIDAD DISTRITAL DE CANAYRE,MUNICIPALIDAD DISTRITAL DE CANAYRE,.51337606,.24251054,.75576413,-1.2684771,-1.2352231,-.14830329,3,2,1
MUNICIPALIDAD DISTRITAL DE CANCHABAMBA,MUNICIPALIDAD DISTRITAL DE CANCHABAMBA,.71893317,.65521967,.84848487,.15936223,.30379677,.57672346,2,3,2
MUNICIPALIDAD DISTRITAL DE CANCHAQUE,MUNICIPALIDAD DISTRITAL DE CANCHAQUE,.72093415,.07761737,.5360471,.17326148,-1.8501208,-1.8663732,3,2,1
MUNICIPALIDAD DISTRITAL DE CANCHAYLLO,MUNICIPALIDAD DISTRITAL DE CANCHAYLLO,.90522248,.92038983,.85241228,1.4533637,1.2926339,.60743374,2,3,2
MUNICIPALIDAD DISTRITAL DE CANIS,MUNICIPALIDAD DISTRITAL DE CANIS,.62864953,.9641673,.95833331,-.46776527,1.455883,1.4356797,1,1,3
MUNICIPALIDAD DISTRITAL DE CAPACHICA,MUNICIPALIDAD DISTRITAL DE CAPACHICA,.53590673,.6768437,.78282827,-1.1119746,.38443419,.063323885,1,1,3
MUNICIPALIDAD DISTRITAL DE CAPACMARCA,MUNICIPALIDAD DISTRITAL DE CAPACMARCA,.86526448,.23524271,.75441569,1.1758077,-1.2623253,-.15884733,3,2,1
MUNICIPALIDAD DISTRITAL DE CAPASO,MUNICIPALIDAD DISTRITAL DE CAPASO,.68878216,.80145872,.84269005,-.050072495,.84913188,.53141105,2,3,2
MUNICIPALIDAD DISTRITAL DE CAPAYA,MUNICIPALIDAD DISTRITAL DE CAPAYA,.75786132,.97928584,.95238096,.42976466,1.512261,1.3891354,2,3,2
MUNICIPALIDAD DISTRITAL DE CAPELO,MUNICIPALIDAD DISTRITAL DE CAPELO,.81716573,.65074402,.60877192,.84170455,.28710675,-1.2977039,3,2,1
MUNICIPALIDAD DISTRITAL DE CAPILLAS,MUNICIPALIDAD DISTRITAL DE CAPILLAS,.58838612,.48316738,.7446394,-.74744272,-.3377977,-.23529273,1,1,1
MUNICIPALIDAD DISTRITAL DE CARABAMBA,MUNICIPALIDAD DISTRITAL DE CARABAMBA,.45160016,.10846283,.7105366,-1.6975843,-1.735096,-.50195843,3,2,1
MUNICIPALIDAD DISTRITAL DE CARABAYLLO,MUNICIPALIDAD DISTRITAL DE CARABAYLLO,.63135827,.88765889,.93223625,-.4489499,1.1705781,1.2316146,1,1,3
MUNICIPALIDAD DISTRITAL DE CARACOTO,MUNICIPALIDAD DISTRITAL DE CARACOTO,.89678276,.54257315,.77707154,1.3947397,-.11626963,.018309282,2,3,2
MUNICIPALIDAD DISTRITAL DE CARAMPOMA,MUNICIPALIDAD DISTRITAL DE CARAMPOMA,.72477573,.99208808,.94405597,.19994582,1.5600015,1.3240385,2,3,2
MUNICIPALIDAD DISTRITAL DE CARANIA,MUNICIPALIDAD DISTRITAL DE CARANIA,.61561543,.58999056,.66504329,-.5583027,.060553025,-.85769176,3,2,1
MUNICIPALIDAD DISTRITAL DE CARAPO,MUNICIPALIDAD DISTRITAL DE CARAPO,.62198019,.45977378,.65960038,-.51409179,-.42503402,-.90025252,3,2,1
MUNICIPALIDAD DISTRITAL DE CARAYBAMBA,MUNICIPALIDAD DISTRITAL DE CARAYBAMBA,.6443885,.86137742,.79365081,-.35843939,1.0725727,.14795034,1,1,3
MUNICIPALIDAD DISTRITAL DE CARHUACALLANGA,MUNICIPALIDAD DISTRITAL DE CARHUACALLANGA,.71368521,.31129429,.6551227,.12290895,-.97872394,-.93526554,3,2,1
MUNICIPALIDAD DISTRITAL DE CARHUAMAYO,MUNICIPALIDAD DISTRITAL DE CARHUAMAYO,.54502279,.67816156,.78306878,-1.0486528,.38934857,.065204501,1,1,3
MUNICIPALIDAD DISTRITAL DE CARHUANCA,MUNICIPALIDAD DISTRITAL DE CARHUANCA,.72825032,.68592942,.56944442,.22408101,.41831544,-1.605224,3,2,1
MUNICIPALIDAD DISTRITAL DE CARHUAPAMPA,MUNICIPALIDAD DISTRITAL DE CARHUAPAMPA,.81341517,.79214108,.78983516,.81565243,.81438577,.11811397,2,3,2
MUNICIPALIDAD DISTRITAL DE CARMEN ALTO,MUNICIPALIDAD DISTRITAL DE CARMEN ALTO,.40668023,.48641616,.52422053,-2.0096068,-.32568279,-1.9588507,3,2,1
MUNICIPALIDAD DISTRITAL DE CARMEN DE LA LEGUA REYNOSO,MUNICIPALIDAD DISTRITAL DE CARMEN DE LA LEGUA REYNOSO,.56499225,.57454681,.83968252,-.90994102,.0029622826,.50789374,1,1,3
MUNICIPALIDAD DISTRITAL DE CARMEN SALCEDO,MUNICIPALIDAD DISTRITAL DE CARMEN SALCEDO,.84883595,.19232459,.6126852,1.061692,-1.4223698,-1.2671041,3,2,1
MUNICIPALIDAD DISTRITAL DE CARUMAS,MUNICIPALIDAD DISTRITAL DE CARUMAS,.82514924,.66967857,.87488705,.89715952,.35771492,.7831744,2,3,2
MUNICIPALIDAD DISTRITAL DE CASA GRANDE,MUNICIPALIDAD DISTRITAL DE CASA GRANDE,.92251438,.52574325,.71315789,1.5734766,-.17902948,-.48146132,2,3,2
MUNICIPALIDAD DISTRITAL DE CASCA,MUNICIPALIDAD DISTRITAL DE CASCA,.43860662,.89750326,.90888888,-1.78784,1.2072884,1.0490506,1,1,3
MUNICIPALIDAD DISTRITAL DE CASCAPARA,MUNICIPALIDAD DISTRITAL DE CASCAPARA,.69488782,.85250491,.84888887,-.0076613934,1.0394865,.57988256,2,3,2
MUNICIPALIDAD DISTRITAL DE CASHAPAMPA,MUNICIPALIDAD DISTRITAL DE CASHAPAMPA,.69376874,.73470497,.9095701,-.015434719,.60020274,1.0543773,2,3,2
MUNICIPALIDAD DISTRITAL DE CASITAS,MUNICIPALIDAD DISTRITAL DE CASITAS,.65258336,.83915865,.91032481,-.30151629,.98971748,1.0602788,1,1,3
MUNICIPALIDAD DISTRITAL DE CASPISAPA,MUNICIPALIDAD DISTRITAL DE CASPISAPA,.48746705,.8159802,.87037039,-1.448446,.90328348,.7478565,1,1,3
MUNICIPALIDAD DISTRITAL DE CASTA,MUNICIPALIDAD DISTRITAL DE CASTA,.77379459,.83581752,.89451057,.54044026,.97725815,.93661982,2,3,2
MUNICIPALIDAD DISTRITAL DE CASTILLA,MUNICIPALIDAD DISTRITAL DE CASTILLA,.57649732,.44801205,.62472141,-.8300246,-.46889427,-1.1729875,3,2,1
MUNICIPALIDAD DISTRITAL DE CASTILLO GRANDE,MUNICIPALIDAD DISTRITAL DE CASTILLO GRANDE,.77098817,.62620699,.76172841,.52094626,.19560653,-.1016658,2,3,2
MUNICIPALIDAD DISTRITAL DE CATAC,MUNICIPALIDAD DISTRITAL DE CATAC,.61983573,.5046283,.88866442,-.52898759,-.25776851,.89090616,1,1,3
MUNICIPALIDAD DISTRITAL DE CATACAOS,MUNICIPALIDAD DISTRITAL DE CATACAOS,.55861712,.32505006,.66455454,-.95422393,-.92742777,-.86151361,3,2,1
MUNICIPALIDAD DISTRITAL DE CATACHE,MUNICIPALIDAD DISTRITAL DE CATACHE,.51969254,.4989014,.85942763,-1.2246015,-.27912453,.66228998,1,1,3
MUNICIPALIDAD DISTRITAL DE CATAHUASI,MUNICIPALIDAD DISTRITAL DE CATAHUASI,.93145263,.72601408,.79242426,1.6355634,.56779379,.13835941,2,3,2
MUNICIPALIDAD DISTRITAL DE CATILLUC,MUNICIPALIDAD DISTRITAL DE CATILLUC,.66393936,.48455188,.86370617,-.22263536,-.33263484,.69574589,1,1,3
MUNICIPALIDAD DISTRITAL DE CAUJUL,MUNICIPALIDAD DISTRITAL DE CAUJUL,.74176162,.71100146,.74444443,.31793311,.51181072,-.23681727,2,3,2
MUNICIPALIDAD DISTRITAL DE CAYALTI,MUNICIPALIDAD DISTRITAL DE CAYALTI,.47785562,.074044868,.57287157,-1.5152088,-1.8634428,-1.5784255,3,2,1
MUNICIPALIDAD DISTRITAL DE CAYARA,MUNICIPALIDAD DISTRITAL DE CAYARA,.53010434,.89530033,.69450551,-1.1522791,1.1990736,-.62731296,1,1,3
MUNICIPALIDAD DISTRITAL DE CAYARANI,MUNICIPALIDAD DISTRITAL DE CAYARANI,.50023735,.666574,.93647915,-1.3597411,.34613779,1.2647917,1,1,3
MUNICIPALIDAD DISTRITAL DE CAYLLOMA,MUNICIPALIDAD DISTRITAL DE CAYLLOMA,.8644945,.9862721,.9323321,1.1704593,1.5383133,1.2323641,2,3,2
MUNICIPALIDAD DISTRITAL DE CAYMA,MUNICIPALIDAD DISTRITAL DE CAYMA,.80474794,.74805212,.93098837,.75544816,.64997512,1.2218568,2,3,2
MUNICIPALIDAD DISTRITAL DE CAYNA,MUNICIPALIDAD DISTRITAL DE CAYNA,.90662956,.54092371,.77272725,1.4631375,-.1224205,-.015660705,2,3,2
MUNICIPALIDAD DISTRITAL DE CAYNARACHI,MUNICIPALIDAD DISTRITAL DE CAYNARACHI,.50624216,.63969189,.6574074,-1.3180305,.24589261,-.91740036,1,1,3
MUNICIPALIDAD DISTRITAL DE CCAPI,MUNICIPALIDAD DISTRITAL DE CCAPI,.79544157,.55128157,.81360155,.6908043,-.083795354,.30395454,2,3,2
MUNICIPALIDAD DISTRITAL DE CCARHUAYO,MUNICIPALIDAD DISTRITAL DE CCARHUAYO,.90275824,.92403072,.9202472,1.4362466,1.3062111,1.1378665,2,3,2
MUNICIPALIDAD DISTRITAL DE CCATCA,MUNICIPALIDAD DISTRITAL DE CCATCA,.77078837,.96008211,.97850239,.51955849,1.4406492,1.5933911,2,3,2
MUNICIPALIDAD DISTRITAL DE CCOCHACCASA,MUNICIPALIDAD DISTRITAL DE CCOCHACCASA,.80992723,.73034567,.66666669,.79142451,.58394659,-.8449977,2,3,2
MUNICIPALIDAD DISTRITAL DE CCORCCA,MUNICIPALIDAD DISTRITAL DE CCORCCA,.89208698,.28551072,.66210413,1.3621219,-1.0748726,-.88067448,3,2,1
MUNICIPALIDAD DISTRITAL DE CERRO AZUL,MUNICIPALIDAD DISTRITAL DE CERRO AZUL,.79873633,.58665538,.93492061,.7136904,.048115928,1.2526048,2,3,2
MUNICIPALIDAD DISTRITAL DE CERRO COLORADO,MUNICIPALIDAD DISTRITAL DE CERRO COLORADO,.64075083,.91010123,.96700186,-.38370737,1.2542671,1.503463,1,1,3
MUNICIPALIDAD DISTRITAL DE CHACA,MUNICIPALIDAD DISTRITAL DE CHACA,.62668276,.072448224,.504884,-.48142686,-1.8693968,-2.1100519,3,2,1
MUNICIPALIDAD DISTRITAL DE CHACABAMBA,MUNICIPALIDAD DISTRITAL DE CHACABAMBA,.63892859,.67775887,.88383836,-.39636496,.38784692,.85316885,1,1,3
MUNICIPALIDAD DISTRITAL DE CHACAPALPA,MUNICIPALIDAD DISTRITAL DE CHACAPALPA,.83222228,.71625525,.89555556,.94629025,.53140247,.94479108,2,3,2
MUNICIPALIDAD DISTRITAL DE CHACAPAMPA,MUNICIPALIDAD DISTRITAL DE CHACAPAMPA,.66230142,.82218683,.69166666,-.23401277,.92642838,-.64951128,1,1,3
MUNICIPALIDAD DISTRITAL DE CHACAYAN,MUNICIPALIDAD DISTRITAL DE CHACAYAN,.73775113,.36994255,.69647062,.29007542,-.76002067,-.61194688,3,2,1
MUNICIPALIDAD DISTRITAL DE CHACCHO,MUNICIPALIDAD DISTRITAL DE CHACCHO,.80416596,.78042638,.72649574,.75140566,.77070093,-.37716642,2,3,2
MUNICIPALIDAD DISTRITAL DE CHACHAS,MUNICIPALIDAD DISTRITAL DE CHACHAS,.7482729,.41124636,.72585976,.36316165,-.60599601,-.38213947,3,2,1
MUNICIPALIDAD DISTRITAL DE CHACLACAYO,MUNICIPALIDAD DISTRITAL DE CHACLACAYO,.61141032,.89983684,.94747478,-.5875122,1.2159904,1.3507717,1,1,3
MUNICIPALIDAD DISTRITAL DE CHACOCHE,MUNICIPALIDAD DISTRITAL DE CHACOCHE,.68553847,.80893934,.90245616,-.072603755,.87702763,.99875015,2,3,3
MUNICIPALIDAD DISTRITAL DE CHADIN,MUNICIPALIDAD DISTRITAL DE CHADIN,.9606632,.74910831,.85000002,1.8384656,.65391374,.58857113,2,3,2
MUNICIPALIDAD DISTRITAL DE CHAGLLA,MUNICIPALIDAD DISTRITAL DE CHAGLLA,.48714492,.40915376,.82114434,-1.4506836,-.61379945,.36293513,1,1,3
MUNICIPALIDAD DISTRITAL DE CHALA,MUNICIPALIDAD DISTRITAL DE CHALA,.56795758,.80420554,.92761904,-.88934326,.85937494,1.1955104,1,1,3
MUNICIPALIDAD DISTRITAL DE CHALACO,MUNICIPALIDAD DISTRITAL DE CHALACO,.52723426,.21533631,.48450264,-1.1722153,-1.3365576,-2.2694232,3,2,1
MUNICIPALIDAD DISTRITAL DE CHALAMARCA,MUNICIPALIDAD DISTRITAL DE CHALAMARCA,.70754957,.32795155,.5723232,.080289595,-.91660786,-1.5827134,3,2,1
MUNICIPALIDAD DISTRITAL DE CHALCOS,MUNICIPALIDAD DISTRITAL DE CHALCOS,.38536572,.81320703,.63961041,-2.1576614,.89294213,-1.0565634,1,1,3
MUNICIPALIDAD DISTRITAL DE CHALLABAMBA,MUNICIPALIDAD DISTRITAL DE CHALLABAMBA,.87958425,.91278541,.97949672,1.2752756,1.2642765,1.6011662,2,3,2
MUNICIPALIDAD DISTRITAL DE CHALLHUAHUACHO,MUNICIPALIDAD DISTRITAL DE CHALLHUAHUACHO,.915748,.62759036,.78968364,1.526476,.20076519,.11692921,2,3,2
MUNICIPALIDAD DISTRITAL DE CHAMACA,MUNICIPALIDAD DISTRITAL DE CHAMACA,.91890514,.53403538,.83913767,1.5484061,-.14810754,.50363338,2,3,2
MUNICIPALIDAD DISTRITAL DE CHAMBARA,MUNICIPALIDAD DISTRITAL DE CHAMBARA,.56321096,.27415508,.51851857,-.92231417,-1.1172185,-2.003437,3,2,1
MUNICIPALIDAD DISTRITAL DE CHANCAY,MUNICIPALIDAD DISTRITAL DE CHANCAY,.8064425,.60380441,.78519797,.76721889,.11206581,.081853688,2,3,2
MUNICIPALIDAD DISTRITAL DE CHANCAYBAÑOS,MUNICIPALIDAD DISTRITAL DE CHANCAYBAÑOS,.72318065,.37859219,.7759276,.18886609,-.72776556,.0093643405,3,2,1
MUNICIPALIDAD DISTRITAL DE CHANGUILLO,MUNICIPALIDAD DISTRITAL DE CHANGUILLO,.64515597,.69859695,.90722746,-.35310841,.46555352,1.0360591,1,1,3
MUNICIPALIDAD DISTRITAL DE CHAO,MUNICIPALIDAD DISTRITAL DE CHAO,.59095913,.26203731,.7177251,-.72957003,-1.1624064,-.44574818,3,2,1
MUNICIPALIDAD DISTRITAL DE CHAPARRA,MUNICIPALIDAD DISTRITAL DE CHAPARRA,.69708771,.46026412,.92259616,.0076194541,-.42320552,1.1562341,2,3,2
MUNICIPALIDAD DISTRITAL DE CHAPIMARCA,MUNICIPALIDAD DISTRITAL DE CHAPIMARCA,.67185849,.9957177,.96296299,-.16762754,1.5735366,1.4718813,1,1,3
MUNICIPALIDAD DISTRITAL DE CHARACATO,MUNICIPALIDAD DISTRITAL DE CHARACATO,.36632076,.99947208,.96818179,-2.2899516,1.5875369,1.5126895,1,1,3
MUNICIPALIDAD DISTRITAL DE CHARAT,MUNICIPALIDAD DISTRITAL DE CHARAT,.70041281,.080724776,.70910496,.030716272,-1.838533,-.51315314,3,2,1
MUNICIPALIDAD DISTRITAL DE CHARCANA,MUNICIPALIDAD DISTRITAL DE CHARCANA,.43468603,.13964729,.65588999,-1.8150731,-1.6188071,-.92926574,3,2,1
MUNICIPALIDAD DISTRITAL DE CHAVIN,MUNICIPALIDAD DISTRITAL DE CHAVIN,.40624925,.96972787,.94968551,-2.0126004,1.4766188,1.3680584,1,1,3
MUNICIPALIDAD DISTRITAL DE CHAVIN DE HUANTAR,MUNICIPALIDAD DISTRITAL DE CHAVIN DE HUANTAR,.5259859,.99782586,.99209166,-1.1808866,1.581398,1.6996518,1,1,3
MUNICIPALIDAD DISTRITAL DE CHAVIN DE PARIARCA,MUNICIPALIDAD DISTRITAL DE CHAVIN DE PARIARCA,.43656194,.78056824,.7085219,-1.8020427,.77122992,-.5177123,1,1,3
MUNICIPALIDAD DISTRITAL DE CHAVIÑA,MUNICIPALIDAD DISTRITAL DE CHAVIÑA,.50534308,.5923261,.75590706,-1.3242756,.069262445,-.14718564,1,1,3
MUNICIPALIDAD DISTRITAL DE CHAZUTA,MUNICIPALIDAD DISTRITAL DE CHAZUTA,.74189371,.52269197,.72280705,.31885058,-.1904079,-.40601003,3,2,1
MUNICIPALIDAD DISTRITAL DE CHECACUPE,MUNICIPALIDAD DISTRITAL DE CHECACUPE,.92217869,.88167137,.83214515,1.5711447,1.1482502,.4489556,2,3,2
MUNICIPALIDAD DISTRITAL DE CHECCA,MUNICIPALIDAD DISTRITAL DE CHECCA,.6683619,.78169364,.9371345,-.19191551,.77542657,1.2699163,1,1,3
MUNICIPALIDAD DISTRITAL DE CHECRAS,MUNICIPALIDAD DISTRITAL DE CHECRAS,.59720302,.96072441,.86403507,-.68619883,1.4430443,.69831771,1,1,3
MUNICIPALIDAD DISTRITAL DE CHETILLA,MUNICIPALIDAD DISTRITAL DE CHETILLA,.65142864,.11007681,.67355311,-.3095372,-1.7290773,-.79114956,3,2,1
MUNICIPALIDAD DISTRITAL DE CHETO,MUNICIPALIDAD DISTRITAL DE CHETO,.96122009,.068368517,.38824141,1.8423338,-1.8846103,-3.0221348,3,2,1
MUNICIPALIDAD DISTRITAL DE CHIARA,MUNICIPALIDAD DISTRITAL DE CHIARA,.50616729,.65985912,.79211611,-1.3185505,.32109755,.13594979,1,1,3
MUNICIPALIDAD DISTRITAL DE CHICAMA,MUNICIPALIDAD DISTRITAL DE CHICAMA,.79154944,.54464418,.70950294,.66376889,-.10854664,-.51004112,3,2,1
MUNICIPALIDAD DISTRITAL DE CHICCHE,MUNICIPALIDAD DISTRITAL DE CHICCHE,.83285975,.099605776,.56841153,.95071828,-1.7681245,-1.6133007,3,2,1
MUNICIPALIDAD DISTRITAL DE CHICHAS,MUNICIPALIDAD DISTRITAL DE CHICHAS,.53593004,.20206553,.59285718,-1.1118127,-1.3860452,-1.4221487,3,2,1
MUNICIPALIDAD DISTRITAL DE CHICLA,MUNICIPALIDAD DISTRITAL DE CHICLA,.69876468,.91692615,.9113856,.019268056,1.2797176,1.0685736,2,3,2
MUNICIPALIDAD DISTRITAL DE CHIGUATA,MUNICIPALIDAD DISTRITAL DE CHIGUATA,.64180642,.96280348,.92063493,-.37637496,1.4507973,1.1408983,1,1,3
MUNICIPALIDAD DISTRITAL DE CHIGUIRIP,MUNICIPALIDAD DISTRITAL DE CHIGUIRIP,.69882178,.69277734,.82575756,.019664694,.44385177,.39900804,2,3,2
MUNICIPALIDAD DISTRITAL DE CHILCA,MUNICIPALIDAD DISTRITAL DE CHILCA,.58400249,.81050867,.84474206,-.77789217,.88287973,.54745668,1,1,3
MUNICIPALIDAD DISTRITAL DE CHILCAS,MUNICIPALIDAD DISTRITAL DE CHILCAS,.77766347,.34949496,.60569543,.56731421,-.83627105,-1.3217604,3,2,1
MUNICIPALIDAD DISTRITAL DE CHILCAYMARCA,MUNICIPALIDAD DISTRITAL DE CHILCAYMARCA,.7463519,.23323917,.82750583,.34981802,-1.2697966,.41267854,3,2,1
MUNICIPALIDAD DISTRITAL DE CHILCAYOC,MUNICIPALIDAD DISTRITAL DE CHILCAYOC,.68799114,.58922994,.45277777,-.055567022,.057716642,-2.5174949,3,2,1
MUNICIPALIDAD DISTRITAL DE CHILETE,MUNICIPALIDAD DISTRITAL DE CHILETE,.80841583,.49710795,.67685187,.78092605,-.28581238,-.76535505,3,2,1
MUNICIPALIDAD DISTRITAL DE CHILIQUIN,MUNICIPALIDAD DISTRITAL DE CHILIQUIN,.60500413,.026957119,.56984127,-.63201076,-2.0390363,-1.6021209,3,2,1
MUNICIPALIDAD DISTRITAL DE CHILLIA,MUNICIPALIDAD DISTRITAL DE CHILLIA,.64548129,.93677127,.909446,-.35084864,1.3537214,1.053407,1,1,3
MUNICIPALIDAD DISTRITAL DE CHIMBAN,MUNICIPALIDAD DISTRITAL DE CHIMBAN,.67993641,.1864063,.69761902,-.11151675,-1.4444395,-.60296696,3,2,1
MUNICIPALIDAD DISTRITAL DE CHINCHA BAJA,MUNICIPALIDAD DISTRITAL DE CHINCHA BAJA,.4982028,.87223709,.93920743,-1.3738734,1.1130692,1.2861255,1,1,3
MUNICIPALIDAD DISTRITAL DE CHINCHAO,MUNICIPALIDAD DISTRITAL DE CHINCHAO,.37267783,.64050794,.74632353,-2.2457941,.2489357,-.22212374,1,1,3
MUNICIPALIDAD DISTRITAL DE CHINCHAYPUJIO,MUNICIPALIDAD DISTRITAL DE CHINCHAYPUJIO,.91669083,.46081832,.79758674,1.533025,-.42113885,.17872722,2,3,2
MUNICIPALIDAD DISTRITAL DE CHINCHERO,MUNICIPALIDAD DISTRITAL DE CHINCHERO,.87643588,.70997405,.8574636,1.2534064,.50797945,.6469323,2,3,2
MUNICIPALIDAD DISTRITAL DE CHINCHIHUASI,MUNICIPALIDAD DISTRITAL DE CHINCHIHUASI,.63643217,.80288208,.71581197,-.41370556,.85443968,-.46070784,1,1,3
MUNICIPALIDAD DISTRITAL DE CHINCHO,MUNICIPALIDAD DISTRITAL DE CHINCHO,.6146723,.45011076,.53333336,-.56485379,-.46106803,-1.8875932,3,2,1
MUNICIPALIDAD DISTRITAL DE CHINGALPO,MUNICIPALIDAD DISTRITAL DE CHINGALPO,.81179994,.31680727,.68696582,.80443275,-.95816565,-.68626928,3,2,1
MUNICIPALIDAD DISTRITAL DE CHINGAS,MUNICIPALIDAD DISTRITAL DE CHINGAS,.52861977,.52455986,.72812372,-1.1625913,-.18344241,-.36443648,1,1,3
MUNICIPALIDAD DISTRITAL DE CHIPAO,MUNICIPALIDAD DISTRITAL DE CHIPAO,.55774045,.76958477,.8762542,-.96031344,.73027182,.79386479,1,1,3
MUNICIPALIDAD DISTRITAL DE CHIPURANA,MUNICIPALIDAD DISTRITAL DE CHIPURANA,.54121667,.56016046,.60740745,-1.0750908,-.050685398,-1.3083733,3,2,1
MUNICIPALIDAD DISTRITAL DE CHIRIMOTO,MUNICIPALIDAD DISTRITAL DE CHIRIMOTO,.96098834,.34635279,.58055556,1.8407241,-.84798843,-1.5183408,3,2,1
MUNICIPALIDAD DISTRITAL DE CHIRINOS,MUNICIPALIDAD DISTRITAL DE CHIRINOS,.66512507,.25759324,.61616164,-.21439916,-1.1789787,-1.2399203,3,2,1
MUNICIPALIDAD DISTRITAL DE CHISQUILLA,MUNICIPALIDAD DISTRITAL DE CHISQUILLA,.80967265,.4087024,.60714287,.78965616,-.61548257,-1.3104422,3,2,1
MUNICIPALIDAD DISTRITAL DE CHOCHOPE,MUNICIPALIDAD DISTRITAL DE CHOCHOPE,.38333642,.26243141,.43003663,-2.1717575,-1.1609368,-2.6953185,3,2,1
MUNICIPALIDAD DISTRITAL DE CHOCO,MUNICIPALIDAD DISTRITAL DE CHOCO,.68674976,.9565677,.8995859,-.064189926,1.4275436,.97630626,2,3,3
MUNICIPALIDAD DISTRITAL DE CHOCOPE,MUNICIPALIDAD DISTRITAL DE CHOCOPE,.69227016,.50394601,.74235106,-.025844144,-.26031283,-.25318635,3,2,1
MUNICIPALIDAD DISTRITAL DE CHOCOS,MUNICIPALIDAD DISTRITAL DE CHOCOS,.64273971,.85750854,.83689839,-.36989218,1.0581454,.48612332,1,1,3
MUNICIPALIDAD DISTRITAL DE CHOJATA,MUNICIPALIDAD DISTRITAL DE CHOJATA,.71246833,.099959962,.79550886,.11445621,-1.7668037,.16247933,3,2,1
MUNICIPALIDAD DISTRITAL DE CHOLON,MUNICIPALIDAD DISTRITAL DE CHOLON,.76436931,.29042345,.79485643,.47497043,-1.0565526,.15737766,3,2,1
MUNICIPALIDAD DISTRITAL DE CHONGOS ALTO,MUNICIPALIDAD DISTRITAL DE CHONGOS ALTO,.71573788,.486063,.83582509,.13716716,-.32699975,.47773069,2,3,2
MUNICIPALIDAD DISTRITAL DE CHONGOS BAJO,MUNICIPALIDAD DISTRITAL DE CHONGOS BAJO,.78166163,.81195551,.9132275,.59508622,.88827515,1.0829762,2,3,2
MUNICIPALIDAD DISTRITAL DE CHONGOYAPE,MUNICIPALIDAD DISTRITAL DE CHONGOYAPE,.53831542,.28127101,.65124166,-1.0952435,-1.0906827,-.96561319,3,2,1
MUNICIPALIDAD DISTRITAL DE CHONTABAMBA,MUNICIPALIDAD DISTRITAL DE CHONTABAMBA,.52433062,.52100027,.72518688,-1.1923846,-.19671637,-.38740101,1,1,3
MUNICIPALIDAD DISTRITAL DE CHONTALI,MUNICIPALIDAD DISTRITAL DE CHONTALI,.72401446,.79211766,.89650792,.19465789,.81429845,.95223808,2,3,2
MUNICIPALIDAD DISTRITAL DE CHORAS,MUNICIPALIDAD DISTRITAL DE CHORAS,.63800287,.40658572,.77380955,-.40279517,-.62337583,-.0071976883,3,2,1
MUNICIPALIDAD DISTRITAL DE CHOROPAMPA,MUNICIPALIDAD DISTRITAL DE CHOROPAMPA,.74494064,.54802406,.6412338,.34001514,-.09594284,-1.0438693,3,2,1
MUNICIPALIDAD DISTRITAL DE CHOROS,MUNICIPALIDAD DISTRITAL DE CHOROS,.60624826,.61297542,.73115081,-.62336886,.1462651,-.34076631,1,1,3
MUNICIPALIDAD DISTRITAL DE CHORRILLOS,MUNICIPALIDAD DISTRITAL DE CHORRILLOS,.78771585,.66988957,.87743491,.63714004,.35850176,.80309731,2,3,2
MUNICIPALIDAD DISTRITAL DE CHUCUITO,MUNICIPALIDAD DISTRITAL DE CHUCUITO,.91829044,.88393265,.80410773,1.5441363,1.1566827,.22971787,2,3,2
MUNICIPALIDAD DISTRITAL DE CHUGAY,MUNICIPALIDAD DISTRITAL DE CHUGAY,.55877537,.36523536,.69999999,-.9531247,-.77757406,-.5843491,3,2,1
MUNICIPALIDAD DISTRITAL DE CHUGUR,MUNICIPALIDAD DISTRITAL DE CHUGUR,.56600827,.99810529,.98765433,-.90288353,1.58244,1.6649543,1,1,3
MUNICIPALIDAD DISTRITAL DE CHUMPI,MUNICIPALIDAD DISTRITAL DE CHUMPI,.70025545,.45302695,.73358583,.029623246,-.45019338,-.3217257,3,2,1
MUNICIPALIDAD DISTRITAL DE CHUMUCH,MUNICIPALIDAD DISTRITAL DE CHUMUCH,.84014875,.11278133,.46212122,1.001349,-1.718992,-2.4444342,3,2,1
MUNICIPALIDAD DISTRITAL DE CHUNGUI,MUNICIPALIDAD DISTRITAL DE CHUNGUI,.64435196,.4549931,.65477419,-.35869318,-.4428615,-.93799073,3,2,1
MUNICIPALIDAD DISTRITAL DE CHUPA,MUNICIPALIDAD DISTRITAL DE CHUPA,.81877464,.78370875,.77829379,.85288036,.7829411,.027866647,2,3,2
MUNICIPALIDAD DISTRITAL DE CHUPAMARCA,MUNICIPALIDAD DISTRITAL DE CHUPAMARCA,.47468629,.47080758,.76565659,-1.5372236,-.38388821,-.070949495,1,1,3
MUNICIPALIDAD DISTRITAL DE CHUPURO,MUNICIPALIDAD DISTRITAL DE CHUPURO,.67783153,.17854564,.65476191,-.12613764,-1.4737525,-.93808675,3,2,1
MUNICIPALIDAD DISTRITAL DE CHUQUIBAMBA,MUNICIPALIDAD DISTRITAL DE CHUQUIBAMBA,.67297429,.025608987,.57179487,-.15987699,-2.0440636,-1.5868447,3,2,1
MUNICIPALIDAD DISTRITAL DE CHUQUIS,MUNICIPALIDAD DISTRITAL DE CHUQUIS,.60544384,.70091563,.73191392,-.6289565,.47420004,-.33479914,1,1,3
MUNICIPALIDAD DISTRITAL DE CHURUBAMBA,MUNICIPALIDAD DISTRITAL DE CHURUBAMBA,.54933888,.3050763,.72140759,-1.0186723,-1.0019112,-.41695306,3,2,1
MUNICIPALIDAD DISTRITAL DE CHURUJA,MUNICIPALIDAD DISTRITAL DE CHURUJA,.85771823,.52075511,.73571432,1.12339,-.19763055,-.30508211,2,3,2
MUNICIPALIDAD DISTRITAL DE CHUSCHI,MUNICIPALIDAD DISTRITAL DE CHUSCHI,.65649253,.31651348,.72645533,-.27436244,-.95926124,-.37748244,3,2,1
MUNICIPALIDAD DISTRITAL DE CIELO PUNCO,MUNICIPALIDAD DISTRITAL DE CIELO PUNCO,.86632693,.99213642,.96841395,1.1831877,1.5601817,1.5145049,2,3,2
MUNICIPALIDAD DISTRITAL DE CIENEGUILLA,MUNICIPALIDAD DISTRITAL DE CIENEGUILLA,.60678893,.8716473,.81690007,-.61961323,1.1108698,.3297472,1,1,3
MUNICIPALIDAD DISTRITAL DE CIRCA,MUNICIPALIDAD DISTRITAL DE CIRCA,.67157191,.82455242,.92183906,-.16961817,.93524981,1.1503141,1,1,3
MUNICIPALIDAD DISTRITAL DE CIUDAD NUEVA,MUNICIPALIDAD DISTRITAL DE CIUDAD NUEVA,.79921782,.7116363,.92927927,.71703488,.51417816,1.2084925,2,3,2
MUNICIPALIDAD DISTRITAL DE COALAQUE,MUNICIPALIDAD DISTRITAL DE COALAQUE,.75789505,.79354072,.91296297,.42999899,.81960511,1.0809078,2,3,2
MUNICIPALIDAD DISTRITAL DE COASA,MUNICIPALIDAD DISTRITAL DE COASA,.86058682,.85648412,.82269049,1.1433158,1.0543252,.37502515,2,3,2
MUNICIPALIDAD DISTRITAL DE COATA,MUNICIPALIDAD DISTRITAL DE COATA,.72100592,.44972089,.78070176,.17375995,-.46252191,.046695672,3,2,1
MUNICIPALIDAD DISTRITAL DE COAYLLO,MUNICIPALIDAD DISTRITAL DE COAYLLO,.23497164,.77116656,.95955884,-3.2023277,.73617041,1.4452627,1,1,3
MUNICIPALIDAD DISTRITAL DE COCABAMBA,MUNICIPALIDAD DISTRITAL DE COCABAMBA,.95170587,.24055609,.55151516,1.7762463,-1.2425114,-1.7454212,3,2,1
MUNICIPALIDAD DISTRITAL DE COCACHACRA,MUNICIPALIDAD DISTRITAL DE COCACHACRA,.74479812,.71380305,.93075073,.3390252,.5222581,1.2199986,2,3,2
MUNICIPALIDAD DISTRITAL DE COCAS,MUNICIPALIDAD DISTRITAL DE COCAS,.60821044,.3661629,.64444447,-.60973912,-.7741152,-1.0187637,3,2,1
MUNICIPALIDAD DISTRITAL DE COCHABAMBA,MUNICIPALIDAD DISTRITAL DE COCHABAMBA,.78671956,.22978236,.654773,.63021958,-1.2826873,-.93800002,3,2,1
MUNICIPALIDAD DISTRITAL DE COCHAMAL,MUNICIPALIDAD DISTRITAL DE COCHAMAL,.80890137,.08167772,.51767677,.78429872,-1.8349794,-2.0100193,3,2,1
MUNICIPALIDAD DISTRITAL DE COCHAMARCA,MUNICIPALIDAD DISTRITAL DE COCHAMARCA,.69943559,.13313848,.62731481,.023928326,-1.6430788,-1.1527084,3,2,1
MUNICIPALIDAD DISTRITAL DE COCHAPETI,MUNICIPALIDAD DISTRITAL DE COCHAPETI,.44362351,.63708884,.83859891,-1.7529917,.23618564,.49942049,1,1,3
MUNICIPALIDAD DISTRITAL DE COCHARCAS,MUNICIPALIDAD DISTRITAL DE COCHARCAS,.82479542,.03296791,.50946969,.8947019,-2.0166216,-2.0741944,3,2,1
MUNICIPALIDAD DISTRITAL DE COCHAS,MUNICIPALIDAD DISTRITAL DE COCHAS,.56764984,.40762323,.69061625,-.89148086,-.6195069,-.65772492,3,2,1
MUNICIPALIDAD DISTRITAL DE COCHORCO,MUNICIPALIDAD DISTRITAL DE COCHORCO,.80526018,.33267751,.78212559,.75900632,-.89898443,.057829309,3,2,1
MUNICIPALIDAD DISTRITAL DE CODO DE POZUZO,MUNICIPALIDAD DISTRITAL DE CODO DE POZUZO,.67723715,.8171801,.86245477,-.13026631,.90775794,.68596065,1,1,3
MUNICIPALIDAD DISTRITAL DE COISHCO,MUNICIPALIDAD DISTRITAL DE COISHCO,.96673405,.79936987,.87741709,1.8806349,.84134245,.80295795,2,3,2
MUNICIPALIDAD DISTRITAL DE COJATA,MUNICIPALIDAD DISTRITAL DE COJATA,.7765395,.65618831,.77156866,.55950695,.30740887,-.0247203,2,3,2
MUNICIPALIDAD DISTRITAL DE COLAN,MUNICIPALIDAD DISTRITAL DE COLAN,.65873927,.47280297,.71591973,-.25875616,-.37644729,-.45986518,3,2,1
MUNICIPALIDAD DISTRITAL DE COLASAY,MUNICIPALIDAD DISTRITAL DE COLASAY,.63654023,.10070162,.66833335,-.41295496,-1.764038,-.83196527,3,2,1
MUNICIPALIDAD DISTRITAL DE COLCA,MUNICIPALIDAD DISTRITAL DE COLCA,.60226446,.4874953,.62665343,-.65104103,-.32165861,-1.1578801,3,2,1
MUNICIPALIDAD DISTRITAL DE COLCABAMBA,MUNICIPALIDAD DISTRITAL DE COLCABAMBA,.81255811,.5993315,.8553105,.80969918,.095386021,.63009626,2,3,2
MUNICIPALIDAD DISTRITAL DE COLCAMAR,MUNICIPALIDAD DISTRITAL DE COLCAMAR,.79352975,.54411554,.76111108,.67752445,-.11051796,-.10649296,2,3,2
MUNICIPALIDAD DISTRITAL DE COLCHA,MUNICIPALIDAD DISTRITAL DE COLCHA,.83775312,.11027826,.60555553,.98470849,-1.7283261,-1.3228543,3,2,1
MUNICIPALIDAD DISTRITAL DE COLONIA,MUNICIPALIDAD DISTRITAL DE COLONIA,.72563398,.52041352,.78037685,.20590737,-.19890438,.044155087,2,3,2
MUNICIPALIDAD DISTRITAL DE COLPAS,MUNICIPALIDAD DISTRITAL DE COLPAS,.72764695,.049148932,.69087303,.21988983,-1.9562814,-.65571707,3,2,1
MUNICIPALIDAD DISTRITAL DE COLQUEMARCA,MUNICIPALIDAD DISTRITAL DE COLQUEMARCA,.91908586,.318887,.74816996,1.5496614,-.95041019,-.20768563,3,2,1
MUNICIPALIDAD DISTRITAL DE COLQUEPATA,MUNICIPALIDAD DISTRITAL DE COLQUEPATA,.91747725,.73042458,.72179407,1.5384877,.58424085,-.41393101,2,3,2
MUNICIPALIDAD DISTRITAL DE COLQUIOC,MUNICIPALIDAD DISTRITAL DE COLQUIOC,.38309258,.35042936,.78220552,-2.1734512,-.83278668,.058454316,1,1,3
MUNICIPALIDAD DISTRITAL DE COLTA,MUNICIPALIDAD DISTRITAL DE COLTA,.76450437,.66537249,.80000001,.47590861,.34165728,.19759773,2,3,2
MUNICIPALIDAD DISTRITAL DE COMANDANTE NOEL,MUNICIPALIDAD DISTRITAL DE COMANDANTE NOEL,.82885051,.47453365,.62839508,.92286927,-.36999348,-1.1442612,3,2,1
MUNICIPALIDAD DISTRITAL DE COMAS,MUNICIPALIDAD DISTRITAL DE COMAS,.84140944,.37685919,.80123234,1.0101061,-.73422807,.20723386,2,3,2
MUNICIPALIDAD DISTRITAL DE COMBAPATA,MUNICIPALIDAD DISTRITAL DE COMBAPATA,.92441714,.9298932,.8677249,1.5866935,1.3280727,.72717017,2,3,2
MUNICIPALIDAD DISTRITAL DE CONAYCA,MUNICIPALIDAD DISTRITAL DE CONAYCA,.80761641,.97389024,.90909094,.77537316,1.4921405,1.0506306,2,3,2
MUNICIPALIDAD DISTRITAL DE CONCEPCION,MUNICIPALIDAD DISTRITAL DE CONCEPCION,.74324173,.49248341,.70238096,.32821417,-.30305764,-.56573123,3,2,1
MUNICIPALIDAD DISTRITAL DE CONCHAMARCA,MUNICIPALIDAD DISTRITAL DE CONCHAMARCA,.69570923,.57006454,.70625335,-.0019557101,-.013752398,-.53545111,3,2,1
MUNICIPALIDAD DISTRITAL DE CONCHAN,MUNICIPALIDAD DISTRITAL DE CONCHAN,.82427365,.10415872,.70449734,.89107752,-1.7511462,-.54918224,3,2,1
MUNICIPALIDAD DISTRITAL DE CONCHUCOS,MUNICIPALIDAD DISTRITAL DE CONCHUCOS,.45081896,.72081804,.88941938,-1.7030107,.54841745,.89680946,1,1,3
MUNICIPALIDAD DISTRITAL DE CONDEBAMBA,MUNICIPALIDAD DISTRITAL DE CONDEBAMBA,.72776824,.76504439,.86704189,.22073238,.71334046,.72182941,2,3,2
MUNICIPALIDAD DISTRITAL DE CONDORMARCA,MUNICIPALIDAD DISTRITAL DE CONDORMARCA,.73210222,.14461061,.88770425,.250837,-1.6002984,.88339812,3,2,1
MUNICIPALIDAD DISTRITAL DE CONDOROMA,MUNICIPALIDAD DISTRITAL DE CONDOROMA,.82466698,.53805149,.79365081,.89380968,-.13313122,.14795034,2,3,2
MUNICIPALIDAD DISTRITAL DE CONDURIRI,MUNICIPALIDAD DISTRITAL DE CONDURIRI,.88132954,.72511327,.88947165,1.2873987,.56443465,.89721823,2,3,2
MUNICIPALIDAD DISTRITAL DE CONGALLA,MUNICIPALIDAD DISTRITAL DE CONGALLA,.62128556,.58071071,.63398695,-.51891685,.025947858,-1.1005359,3,2,1
MUNICIPALIDAD DISTRITAL DE CONGAS,MUNICIPALIDAD DISTRITAL DE CONGAS,.87639225,.98895866,.90962255,1.2531034,1.5483316,1.0547875,2,3,2
MUNICIPALIDAD DISTRITAL DE CONILA,MUNICIPALIDAD DISTRITAL DE CONILA,.7805475,.053870685,.52693605,.58734727,-1.9386737,-1.9376167,3,2,1
MUNICIPALIDAD DISTRITAL DE CONIMA,MUNICIPALIDAD DISTRITAL DE CONIMA,.78608006,.37851772,.68671679,.62577748,-.72804326,-.68821657,3,2,1
MUNICIPALIDAD DISTRITAL DE CONSTITUCION,MUNICIPALIDAD DISTRITAL DE CONSTITUCION,.70922494,.38006341,.74079788,.091927022,-.72227925,-.26533136,3,2,1
MUNICIPALIDAD DISTRITAL DE COPA,MUNICIPALIDAD DISTRITAL DE COPA,.83672374,.85868376,.83333331,.97755826,1.0625279,.45824635,2,3,2
MUNICIPALIDAD DISTRITAL DE COPALLIN,MUNICIPALIDAD DISTRITAL DE COPALLIN,.56033349,.6267845,.79720283,-.94230169,.19776011,.17572522,1,1,3
MUNICIPALIDAD DISTRITAL DE COPANI,MUNICIPALIDAD DISTRITAL DE COPANI,.89002234,.75396639,.7743271,1.3477806,.67202985,-.0031507458,2,3,2
MUNICIPALIDAD DISTRITAL DE COPORAQUE,MUNICIPALIDAD DISTRITAL DE COPORAQUE,.85156912,.60519105,.77134347,1.080677,.11723669,-.026481139,2,3,2
MUNICIPALIDAD DISTRITAL DE CORANI,MUNICIPALIDAD DISTRITAL DE CORANI,.85236865,.29329965,.71456569,1.0862309,-1.0458272,-.47045305,3,2,1
MUNICIPALIDAD DISTRITAL DE CORCULLA,MUNICIPALIDAD DISTRITAL DE CORCULLA,.69817615,.62976128,.89926738,.015179971,.2088607,.97381556,2,3,2
MUNICIPALIDAD DISTRITAL DE CORDOVA,MUNICIPALIDAD DISTRITAL DE CORDOVA,.63872391,.41224408,.61455214,-.39778671,-.60227543,-1.2525057,3,2,1
MUNICIPALIDAD DISTRITAL DE CORIS,MUNICIPALIDAD DISTRITAL DE CORIS,.59790611,.75480551,.83267456,-.681315,.67515898,.45309529,1,1,3
MUNICIPALIDAD DISTRITAL DE CORONEL CASTAÑEDA,MUNICIPALIDAD DISTRITAL DE CORONEL CASTAÑEDA,.66169691,.98853481,.96589941,-.23821183,1.5467511,1.4948425,1,1,3
MUNICIPALIDAD DISTRITAL DE CORONEL GREGORIO ALBARRACIN LANCHIPA,MUNICIPALIDAD DISTRITAL DE CORONEL GREGORIO ALBARRACIN LANCHIPA,.86984998,.74351579,.87899256,1.2076595,.63305885,.81527728,2,3,2
MUNICIPALIDAD DISTRITAL DE COROSHA,MUNICIPALIDAD DISTRITAL DE COROSHA,.8623361,.65813971,.6625874,1.1554667,.31468573,-.87689555,2,3,2
MUNICIPALIDAD DISTRITAL DE CORRALES,MUNICIPALIDAD DISTRITAL DE CORRALES,.59422666,.95977044,.93453354,-.70687318,1.4394869,1.2495781,1,1,3
MUNICIPALIDAD DISTRITAL DE CORTEGANA,MUNICIPALIDAD DISTRITAL DE CORTEGANA,.69413298,.3388221,.53571427,-.01290461,-.87607092,-1.8689758,3,2,1
MUNICIPALIDAD DISTRITAL DE COSME,MUNICIPALIDAD DISTRITAL DE COSME,.81738603,.88211751,.82213676,.84323478,1.1499139,.37069529,2,3,2
MUNICIPALIDAD DISTRITAL DE COSPAN,MUNICIPALIDAD DISTRITAL DE COSPAN,.78225881,.12418589,.77954435,.59923434,-1.6764636,.0376454,3,2,1
MUNICIPALIDAD DISTRITAL DE COTABAMBAS,MUNICIPALIDAD DISTRITAL DE COTABAMBAS,.89759034,.52067876,.78040403,1.4003494,-.19791529,.044367619,2,3,2
MUNICIPALIDAD DISTRITAL DE COTAPARACO,MUNICIPALIDAD DISTRITAL DE COTAPARACO,.6224882,.88848275,.80653024,-.51056308,1.1736503,.24866061,1,1,3
MUNICIPALIDAD DISTRITAL DE COTARUSE,MUNICIPALIDAD DISTRITAL DE COTARUSE,.62972635,.68182349,.8988958,-.46028548,.40300417,.97091001,1,1,3
MUNICIPALIDAD DISTRITAL DE COVIRIALI,MUNICIPALIDAD DISTRITAL DE COVIRIALI,.67021155,.43843147,.90199524,-.17906748,-.50462091,.99514598,1,1,3
MUNICIPALIDAD DISTRITAL DE COYA,MUNICIPALIDAD DISTRITAL DE COYA,.93703622,.64001113,.81487179,1.674348,.24708308,.31388709,2,3,2
MUNICIPALIDAD DISTRITAL DE COYLLURQUI,MUNICIPALIDAD DISTRITAL DE COYLLURQUI,.69152486,.8218115,.8394509,-.031021116,.92502874,.50608259,2,3,2
MUNICIPALIDAD DISTRITAL DE CRESPO Y CASTILLO,MUNICIPALIDAD DISTRITAL DE CRESPO Y CASTILLO,.94968069,.9131453,.81156862,1.7621789,1.2656186,.28805804,2,3,2
MUNICIPALIDAD DISTRITAL DE CRISTO NOS VALGA,MUNICIPALIDAD DISTRITAL DE CRISTO NOS VALGA,.43667424,.87047136,.87399012,-1.8012626,1.1064847,.7761609,1,1,3
MUNICIPALIDAD DISTRITAL DE CRUCERO,MUNICIPALIDAD DISTRITAL DE CRUCERO,.58697265,.39353713,.71318448,-.75726092,-.67203486,-.48125345,3,2,1
MUNICIPALIDAD DISTRITAL DE CUCHUMBAYA,MUNICIPALIDAD DISTRITAL DE CUCHUMBAYA,.72601056,.75895512,.87160176,.20852318,.69063312,.75748521,2,3,2
MUNICIPALIDAD DISTRITAL DE CUENCA,MUNICIPALIDAD DISTRITAL DE CUENCA,.677459,.66319662,.76190478,-.12872531,.33354333,-.10028668,1,1,3
MUNICIPALIDAD DISTRITAL DE CUISPES,MUNICIPALIDAD DISTRITAL DE CUISPES,.92372364,.027555436,.49292931,1.5818763,-2.0368049,-2.2035313,3,2,1
MUNICIPALIDAD DISTRITAL DE CUJILLO,MUNICIPALIDAD DISTRITAL DE CUJILLO,.72987711,.45869315,.80952382,.23538101,-.42906377,.27206883,2,3,2
MUNICIPALIDAD DISTRITAL DE CULEBRAS,MUNICIPALIDAD DISTRITAL DE CULEBRAS,.62593138,.28473705,.66904765,-.48664606,-1.0777576,-.82637984,3,2,1
MUNICIPALIDAD DISTRITAL DE CULLHUAS,MUNICIPALIDAD DISTRITAL DE CULLHUAS,.68050426,.77950305,.74494243,-.10757233,.76725775,-.23292321,1,1,3
MUNICIPALIDAD DISTRITAL DE CUMBA,MUNICIPALIDAD DISTRITAL DE CUMBA,.53412586,.17068838,.72916669,-1.1243448,-1.5030527,-.35628107,3,2,1
MUNICIPALIDAD DISTRITAL DE CUPI,MUNICIPALIDAD DISTRITAL DE CUPI,.76483601,.64697742,.69801587,.47821224,.27306086,-.59986383,2,3,2
MUNICIPALIDAD DISTRITAL DE CUPISNIQUE,MUNICIPALIDAD DISTRITAL DE CUPISNIQUE,.64048749,.09157642,.66031748,-.38553652,-1.7980665,-.89464515,3,2,1
MUNICIPALIDAD DISTRITAL DE CURA MORI,MUNICIPALIDAD DISTRITAL DE CURA MORI,.72681385,.3083899,.59542042,.214103,-.98955458,-1.4021056,3,2,1
MUNICIPALIDAD DISTRITAL DE CURAHUASI,MUNICIPALIDAD DISTRITAL DE CURAHUASI,.88926369,.24054089,.72445077,1.3425108,-1.242568,-.39315706,3,2,1
MUNICIPALIDAD DISTRITAL DE CURASCO,MUNICIPALIDAD DISTRITAL DE CURASCO,.74586755,.69536412,.91945773,.34645367,.45349807,1.1316934,2,3,2
MUNICIPALIDAD DISTRITAL DE CURGOS,MUNICIPALIDAD DISTRITAL DE CURGOS,.6719144,.26022619,.77579367,-.16723917,-1.1691602,.0083170673,3,2,1
MUNICIPALIDAD DISTRITAL DE CURIBAYA,MUNICIPALIDAD DISTRITAL DE CURIBAYA,.72021371,.1678569,.65656567,.16825715,-1.5136116,-.92398232,3,2,1
MUNICIPALIDAD DISTRITAL DE CURICACA,MUNICIPALIDAD DISTRITAL DE CURICACA,.65133953,.47611111,.64379084,-.31015617,-.36411101,-1.0238746,3,2,1
MUNICIPALIDAD DISTRITAL DE CURIMANA,MUNICIPALIDAD DISTRITAL DE CURIMANA,.55901396,.49835953,.84415877,-.95146734,-.28114519,.54289567,1,1,3
MUNICIPALIDAD DISTRITAL DE CURPAHUASI,MUNICIPALIDAD DISTRITAL DE CURPAHUASI,.81177992,.64827478,.80572391,.80429363,.27789879,.24235553,2,3,2
MUNICIPALIDAD DISTRITAL DE CUSCA,MUNICIPALIDAD DISTRITAL DE CUSCA,.63600099,.73859715,.89517194,-.41670063,.61471695,.94179142,1,1,3
MUNICIPALIDAD DISTRITAL DE CUSIPATA,MUNICIPALIDAD DISTRITAL DE CUSIPATA,.83509427,.89808732,.94715476,.96623963,1.2094665,1.3482693,2,3,2
MUNICIPALIDAD DISTRITAL DE CUTURAPI,MUNICIPALIDAD DISTRITAL DE CUTURAPI,.79908782,.87600213,.69999999,.71613193,1.1271093,-.5843491,2,3,2
MUNICIPALIDAD DISTRITAL DE CUYOCUYO,MUNICIPALIDAD DISTRITAL DE CUYOCUYO,.85507834,.71456242,.8709259,1.1050528,.5250898,.75220037,2,3,2
MUNICIPALIDAD DISTRITAL DE CUÑUMBUQUI,MUNICIPALIDAD DISTRITAL DE CUÑUMBUQUI,.81503093,.24845289,.62861812,.82687581,-1.2130637,-1.1425172,3,2,1
MUNICIPALIDAD DISTRITAL DE DANIEL ALOMIA ROBLES,MUNICIPALIDAD DISTRITAL DE DANIEL ALOMIA ROBLES,.77990735,.36488768,.63659006,.58290064,-.77887058,-1.0801809,3,2,1
MUNICIPALIDAD DISTRITAL DE DANIEL HERNANDES,MUNICIPALIDAD DISTRITAL DE DANIEL HERNANDES,.85075337,.87899697,.88130802,1.0750108,1.1382772,.83338296,2,3,2
MUNICIPALIDAD DISTRITAL DE DEAN VALDIVIA,MUNICIPALIDAD DISTRITAL DE DEAN VALDIVIA,.89183432,.40169835,.85854691,1.3603669,-.64160115,.65540326,2,3,2
MUNICIPALIDAD DISTRITAL DE DESAGUADERO,MUNICIPALIDAD DISTRITAL DE DESAGUADERO,.84483778,.79880393,.8542468,1.0339199,.83923197,.62177861,2,3,2
MUNICIPALIDAD DISTRITAL DE ECHARATI,MUNICIPALIDAD DISTRITAL DE ECHARATI,.88397413,.96458554,.97890264,1.3057686,1.4574426,1.5965208,2,3,2
MUNICIPALIDAD DISTRITAL DE EDUARDO VILLANUEVA,MUNICIPALIDAD DISTRITAL DE EDUARDO VILLANUEVA,.75053728,.24869928,.48730159,.37889048,-1.2121449,-2.2475371,3,2,1
MUNICIPALIDAD DISTRITAL DE EL AGUSTINO,MUNICIPALIDAD DISTRITAL DE EL AGUSTINO,.59236723,.51001418,.79199815,-.71978915,-.23768422,.13502742,1,1,3
MUNICIPALIDAD DISTRITAL DE EL ALGARROBAL,MUNICIPALIDAD DISTRITAL DE EL ALGARROBAL,.65256846,.99521512,.96920633,-.3016198,1.5716624,1.5207009,1,1,3
MUNICIPALIDAD DISTRITAL DE EL ALTO,MUNICIPALIDAD DISTRITAL DE EL ALTO,.74487466,.66070074,.86258185,.33955681,.32423601,.68695432,2,3,2
MUNICIPALIDAD DISTRITAL DE EL CARMEN,MUNICIPALIDAD DISTRITAL DE EL CARMEN,.76657009,.76633149,.77530348,.4902575,.71814013,.0044840537,2,3,2
MUNICIPALIDAD DISTRITAL DE EL CARMEN DE LA FRONTERA,MUNICIPALIDAD DISTRITAL DE EL CARMEN DE LA FRONTERA,.73706675,.18835548,.661807,.28532156,-1.437171,-.88299787,3,2,1
MUNICIPALIDAD DISTRITAL DE EL CENEPA,MUNICIPALIDAD DISTRITAL DE EL CENEPA,.67044556,.51307023,.66666669,-.17744201,-.22628801,-.8449977,3,2,1
MUNICIPALIDAD DISTRITAL DE EL ESLABON,MUNICIPALIDAD DISTRITAL DE EL ESLABON,.81409675,.1347985,.5806818,.82038683,-1.6368885,-1.5173537,3,2,1
MUNICIPALIDAD DISTRITAL DE EL INGENIO,MUNICIPALIDAD DISTRITAL DE EL INGENIO,.50470269,.99599379,.9651432,-1.3287239,1.5745661,1.4889294,1,1,3
MUNICIPALIDAD DISTRITAL DE EL MANTARO,MUNICIPALIDAD DISTRITAL DE EL MANTARO,.48574483,.4148877,.74047619,-1.4604088,-.59241718,-.26784679,1,1,3
MUNICIPALIDAD DISTRITAL DE EL MILAGRO,MUNICIPALIDAD DISTRITAL DE EL MILAGRO,.45680907,.050265122,.41931218,-1.6614022,-1.9521191,-2.7791779,3,2,1
MUNICIPALIDAD DISTRITAL DE EL ORO,MUNICIPALIDAD DISTRITAL DE EL ORO,.58374202,.52229786,.75974029,-.77970147,-.19187754,-.11721179,1,1,3
MUNICIPALIDAD DISTRITAL DE EL PARCO,MUNICIPALIDAD DISTRITAL DE EL PARCO,.5747422,.039394736,.40476191,-.84221601,-1.9926555,-2.8929534,3,2,1
MUNICIPALIDAD DISTRITAL DE EL PORVENIR,MUNICIPALIDAD DISTRITAL DE EL PORVENIR,.67035574,.35435498,.79437965,-.17806594,-.81814772,.15364951,3,2,1
MUNICIPALIDAD DISTRITAL DE EL PRADO,MUNICIPALIDAD DISTRITAL DE EL PRADO,.69838655,.22058655,.70092595,.016641481,-1.3169792,-.57710862,3,2,1
MUNICIPALIDAD DISTRITAL DE EL TALLAN,MUNICIPALIDAD DISTRITAL DE EL TALLAN,.72301793,.37434372,.65630251,.1877358,-.74360836,-.92604005,3,2,1
MUNICIPALIDAD DISTRITAL DE EL TAMBO,MUNICIPALIDAD DISTRITAL DE EL TAMBO,.69829494,.9966768,.98961353,.016005123,1.5771132,1.6802742,2,3,3
MUNICIPALIDAD DISTRITAL DE ELEAZAR GUZMAN BARRON,MUNICIPALIDAD DISTRITAL DE ELEAZAR GUZMAN BARRON,.34988877,.97683692,.84901959,-2.4040911,1.5031289,.58090466,1,1,3
MUNICIPALIDAD DISTRITAL DE ELIAS SOPLIN VARGAS,MUNICIPALIDAD DISTRITAL DE ELIAS SOPLIN VARGAS,.9426626,.87553579,.87009388,1.7134299,1.1253703,.7456944,2,3,2
MUNICIPALIDAD DISTRITAL DE EMILIO SAN MARTIN,MUNICIPALIDAD DISTRITAL DE EMILIO SAN MARTIN,.68365794,.98372388,.91693121,-.085666254,1.5288109,1.1119373,2,3,3
MUNICIPALIDAD DISTRITAL DE ENCAÑADA,MUNICIPALIDAD DISTRITAL DE ENCAÑADA,.72653669,.2360263,.78694773,.21217778,-1.2594032,.09553583,3,2,1
MUNICIPALIDAD DISTRITAL DE ESTIQUE,MUNICIPALIDAD DISTRITAL DE ESTIQUE,.74614918,.36652955,.73918128,.34840992,-.77274793,-.27797231,3,2,1
MUNICIPALIDAD DISTRITAL DE ESTIQUE PAMPA,MUNICIPALIDAD DISTRITAL DE ESTIQUE PAMPA,.74746037,.5810014,.6883117,.35751766,.027031867,-.67574531,3,2,1
MUNICIPALIDAD DISTRITAL DE ETEN,MUNICIPALIDAD DISTRITAL DE ETEN,.48013783,.27423057,.6362434,-1.4993562,-1.116937,-1.0828916,3,2,1
MUNICIPALIDAD DISTRITAL DE ETEN PUERTO,MUNICIPALIDAD DISTRITAL DE ETEN PUERTO,.163091,.02281742,.25498575,-3.7016244,-2.0544734,-4.0641232,3,2,1
MUNICIPALIDAD DISTRITAL DE FERNANDO LORES,MUNICIPALIDAD DISTRITAL DE FERNANDO LORES,.88301653,.4968704,.75151515,1.2991168,-.28669825,-.18152802,2,3,2
MUNICIPALIDAD DISTRITAL DE FIDEL OLIVAS ESCUDERO,MUNICIPALIDAD DISTRITAL DE FIDEL OLIVAS ESCUDERO,.7101388,.88181412,.80067343,.098274857,1.1487825,.20286347,2,3,2
MUNICIPALIDAD DISTRITAL DE FITZCARRALD,MUNICIPALIDAD DISTRITAL DE FITZCARRALD,.47045484,.91367865,.83333331,-1.5666161,1.2676075,.45824635,1,1,3
MUNICIPALIDAD DISTRITAL DE FLORENCIA DE MORA,MUNICIPALIDAD DISTRITAL DE FLORENCIA DE MORA,.68309772,.24404372,.75527585,-.089557678,-1.2295058,-.15212138,3,2,1
MUNICIPALIDAD DISTRITAL DE FLORIDA,MUNICIPALIDAD DISTRITAL DE FLORIDA,.64399409,.17484598,.71207732,-.36117899,-1.4875487,-.48991081,3,2,1
MUNICIPALIDAD DISTRITAL DE FRIAS,MUNICIPALIDAD DISTRITAL DE FRIAS,.79657823,.24457639,.62932742,.69869977,-1.2275194,-1.1369709,3,2,1
MUNICIPALIDAD DISTRITAL DE GAMARRA,MUNICIPALIDAD DISTRITAL DE GAMARRA,.75368798,.90021914,.91028297,.40077585,1.217416,1.0599517,2,3,2
MUNICIPALIDAD DISTRITAL DE GORGOR,MUNICIPALIDAD DISTRITAL DE GORGOR,.45861492,.75385362,.88245612,-1.6488584,.67160928,.84236056,1,1,3
MUNICIPALIDAD DISTRITAL DE GOYLLARISQUIZGA,MUNICIPALIDAD DISTRITAL DE GOYLLARISQUIZGA,.72220999,.7073127,.6574074,.18212369,.49805513,-.91740036,3,2,1
MUNICIPALIDAD DISTRITAL DE GRANADA,MUNICIPALIDAD DISTRITAL DE GRANADA,.93505764,.036765344,.655303,1.6606045,-2.0024607,-.93385565,3,2,1
MUNICIPALIDAD DISTRITAL DE GREGORIO PITA,MUNICIPALIDAD DISTRITAL DE GREGORIO PITA,.69787878,.059509851,.64185089,.013114398,-1.9176449,-1.039044,3,2,1
MUNICIPALIDAD DISTRITAL DE GROCIO PRADO,MUNICIPALIDAD DISTRITAL DE GROCIO PRADO,.86906403,.93894827,.93607563,1.2022002,1.3618397,1.2616365,2,3,2
MUNICIPALIDAD DISTRITAL DE GUADALUPE,MUNICIPALIDAD DISTRITAL DE GUADALUPE,.799393,.47677585,.77073067,.71825171,-.36163214,-.03127287,2,3,2
MUNICIPALIDAD DISTRITAL DE GUADALUPITO,MUNICIPALIDAD DISTRITAL DE GUADALUPITO,.67153269,.56664836,.85441971,-.1698906,-.026491564,.62313074,1,1,3
MUNICIPALIDAD DISTRITAL DE GUZMANGO,MUNICIPALIDAD DISTRITAL DE GUZMANGO,.79237151,.78908062,.70354265,.66947913,.80297315,-.55664736,2,3,2
MUNICIPALIDAD DISTRITAL DE HABANA,MUNICIPALIDAD DISTRITAL DE HABANA,.97311997,.78174227,.77777779,1.9249928,.77560794,.023831822,2,3,2
MUNICIPALIDAD DISTRITAL DE HAQUIRA,MUNICIPALIDAD DISTRITAL DE HAQUIRA,.8749693,.73247206,.85856313,1.2432193,.59187603,.65553004,2,3,2
MUNICIPALIDAD DISTRITAL DE HERMILIO VALDIZAN,MUNICIPALIDAD DISTRITAL DE HERMILIO VALDIZAN,.59612703,.22062701,.62777781,-.69367284,-1.3168283,-1.1490879,3,2,1
MUNICIPALIDAD DISTRITAL DE HEROINAS TOLEDO,MUNICIPALIDAD DISTRITAL DE HEROINAS TOLEDO,.62277585,.20174153,.49338624,-.50856501,-1.3872534,-2.1999583,3,2,1
MUNICIPALIDAD DISTRITAL DE HONGOS,MUNICIPALIDAD DISTRITAL DE HONGOS,.81709158,.48260266,.70601851,.8411895,-.33990362,-.53728747,3,2,1
MUNICIPALIDAD DISTRITAL DE HONORIA,MUNICIPALIDAD DISTRITAL DE HONORIA,.7824741,.49902326,.82866162,.60072982,-.2786701,.42171621,2,3,2
MUNICIPALIDAD DISTRITAL DE HUABAL,MUNICIPALIDAD DISTRITAL DE HUABAL,.67062026,.58917564,.84503812,-.17622849,.057514157,.54977167,1,1,3
MUNICIPALIDAD DISTRITAL DE HUAC - HUAS,MUNICIPALIDAD DISTRITAL DE HUAC - HUAS,.67026138,.60993874,.72076023,-.17872135,.13494113,-.4220151,3,2,1
MUNICIPALIDAD DISTRITAL DE HUACACHI,MUNICIPALIDAD DISTRITAL DE HUACACHI,.65612072,.93774521,.98398656,-.27694514,1.3573533,1.6362743,1,1,3
MUNICIPALIDAD DISTRITAL DE HUACAR,MUNICIPALIDAD DISTRITAL DE HUACAR,.5101217,.60254002,.77766442,-1.2910824,.1073508,.022945344,1,1,3
MUNICIPALIDAD DISTRITAL DE HUACASCHUQUE,MUNICIPALIDAD DISTRITAL DE HUACASCHUQUE,.56710958,.95079654,.97777778,-.89523363,1.4060225,1.587725,1,1,3
MUNICIPALIDAD DISTRITAL DE HUACAÑA,MUNICIPALIDAD DISTRITAL DE HUACAÑA,.55936611,.78415209,.82575756,-.94902128,.7845943,.39900804,1,1,3
MUNICIPALIDAD DISTRITAL DE HUACCANA,MUNICIPALIDAD DISTRITAL DE HUACCANA,.47153616,.4060494,.71449828,-1.559105,-.62537581,-.47098017,1,1,1
MUNICIPALIDAD DISTRITAL DE HUACCHIS,MUNICIPALIDAD DISTRITAL DE HUACCHIS,.67180866,.65404791,.90542156,-.16797367,.29942715,1.021938,1,1,3
MUNICIPALIDAD DISTRITAL DE HUACHAC,MUNICIPALIDAD DISTRITAL DE HUACHAC,.68541378,.074257158,.76688457,-.073469892,-1.8626512,-.061347391,3,2,1
MUNICIPALIDAD DISTRITAL DE HUACHIS,MUNICIPALIDAD DISTRITAL DE HUACHIS,.57866621,.95395321,.96367079,-.81495905,1.417794,1.4774159,1,1,3
MUNICIPALIDAD DISTRITAL DE HUACHOCOLPA,MUNICIPALIDAD DISTRITAL DE HUACHOCOLPA,.73880422,.51577926,.86927325,.2973904,-.21618585,.73927748,2,3,2
MUNICIPALIDAD DISTRITAL DE HUACHON,MUNICIPALIDAD DISTRITAL DE HUACHON,.7228021,.90647304,.93219835,.18623661,1.2407373,1.2313181,2,3,2
MUNICIPALIDAD DISTRITAL DE HUACHOS,MUNICIPALIDAD DISTRITAL DE HUACHOS,.58376378,.318533,.67288011,-.77955037,-.95173025,-.79641205,3,2,1
MUNICIPALIDAD DISTRITAL DE HUACHUPAMPA,MUNICIPALIDAD DISTRITAL DE HUACHUPAMPA,.76854169,.17562573,.35805264,.50395262,-1.4846411,-3.2581949,3,2,1
MUNICIPALIDAD DISTRITAL DE HUACLLAN,MUNICIPALIDAD DISTRITAL DE HUACLLAN,.60950506,.24504025,.72051281,-.60074651,-1.2257897,-.42394981,3,2,1
MUNICIPALIDAD DISTRITAL DE HUACRAPUQUIO,MUNICIPALIDAD DISTRITAL DE HUACRAPUQUIO,.71945643,.47358739,.73597789,.16299695,-.37352213,-.3030211,3,2,1
MUNICIPALIDAD DISTRITAL DE HUACULLANI,MUNICIPALIDAD DISTRITAL DE HUACULLANI,.91477728,.66953403,.75095034,1.5197332,.35717595,-.18594456,2,3,2
MUNICIPALIDAD DISTRITAL DE HUALGAYOC,MUNICIPALIDAD DISTRITAL DE HUALGAYOC,.72506523,.96181327,.97575301,.20195673,1.4471047,1.5718924,2,3,2
MUNICIPALIDAD DISTRITAL DE HUALHUAS,MUNICIPALIDAD DISTRITAL DE HUALHUAS,.79432595,.35741374,.69681013,.68305504,-.80674142,-.60929209,3,2,1
MUNICIPALIDAD DISTRITAL DE HUALLA,MUNICIPALIDAD DISTRITAL DE HUALLA,.80061287,.44312951,.69120371,.72672516,-.48710161,-.65313125,3,2,1
MUNICIPALIDAD DISTRITAL DE HUALLAGA,MUNICIPALIDAD DISTRITAL DE HUALLAGA,.28536585,.21824236,.47619048,-2.8522799,-1.3257208,-2.33442,3,2,1
MUNICIPALIDAD DISTRITAL DE HUALLANCA,MUNICIPALIDAD DISTRITAL DE HUALLANCA,.39332333,.76308095,.85825473,-2.1023865,.70601863,.65311855,1,1,3
MUNICIPALIDAD DISTRITAL DE HUALMAY,MUNICIPALIDAD DISTRITAL DE HUALMAY,.61205184,.77674341,.93732196,-.58305603,.75696689,1.2713821,1,1,3
MUNICIPALIDAD DISTRITAL DE HUAMALI,MUNICIPALIDAD DISTRITAL DE HUAMALI,.60222179,.66362089,.80905205,-.6513375,.33512545,.26837984,1,1,3
MUNICIPALIDAD DISTRITAL DE HUAMANCACA CHICO,MUNICIPALIDAD DISTRITAL DE HUAMANCACA CHICO,.78953761,.19799367,.82761908,.64979428,-1.4012295,.41356409,3,2,1
MUNICIPALIDAD DISTRITAL DE HUAMANGUILLA,MUNICIPALIDAD DISTRITAL DE HUAMANGUILLA,.75725979,.10208189,.50674605,.42558631,-1.7588909,-2.0954916,3,2,1
MUNICIPALIDAD DISTRITAL DE HUAMANQUIQUIA,MUNICIPALIDAD DISTRITAL DE HUAMANQUIQUIA,.23194775,.66275585,.6785714,-3.2233322,.33189964,-.7519092,1,1,3
MUNICIPALIDAD DISTRITAL DE HUAMANTANGA,MUNICIPALIDAD DISTRITAL DE HUAMANTANGA,.68349296,.98261583,.97222221,-.086812273,1.5246788,1.5442834,2,3,3
MUNICIPALIDAD DISTRITAL DE HUAMATAMBO,MUNICIPALIDAD DISTRITAL DE HUAMATAMBO,.6240471,.79388314,.64166665,-.49973464,.82088208,-1.0404847,1,1,3
MUNICIPALIDAD DISTRITAL DE HUAMBALPA,MUNICIPALIDAD DISTRITAL DE HUAMBALPA,.62448806,.36761004,.64393938,-.49667171,-.76871872,-1.0227132,3,2,1
MUNICIPALIDAD DISTRITAL DE HUAMBO,MUNICIPALIDAD DISTRITAL DE HUAMBO,.75661957,.30707687,.63026226,.42113927,-.99445093,-1.129661,3,2,1
MUNICIPALIDAD DISTRITAL DE HUAMBOS,MUNICIPALIDAD DISTRITAL DE HUAMBOS,.61945194,.43917352,.76893705,-.53165352,-.50185376,-.045298044,3,2,1
MUNICIPALIDAD DISTRITAL DE HUAMPARA,MUNICIPALIDAD DISTRITAL DE HUAMPARA,.62512147,.84340382,.74444443,-.49227184,1.005548,-.23681727,1,1,3
MUNICIPALIDAD DISTRITAL DE HUANCA,MUNICIPALIDAD DISTRITAL DE HUANCA,.9535054,.10690295,.68556154,1.7887461,-1.7409128,-.69725007,3,2,1
MUNICIPALIDAD DISTRITAL DE HUANCA HUANCA,MUNICIPALIDAD DISTRITAL DE HUANCA HUANCA,.43786466,.47104272,.78365386,-1.7929938,-.38301137,.069779508,1,1,3
MUNICIPALIDAD DISTRITAL DE HUANCABAMBA,MUNICIPALIDAD DISTRITAL DE HUANCABAMBA,.71014714,.69812536,.79927093,.098332822,.46379492,.19189668,2,3,2
MUNICIPALIDAD DISTRITAL DE HUANCAN,MUNICIPALIDAD DISTRITAL DE HUANCAN,.64245248,.44562593,.84951031,-.37188736,-.47779229,.58474183,1,1,3
MUNICIPALIDAD DISTRITAL DE HUANCANO,MUNICIPALIDAD DISTRITAL DE HUANCANO,.62237763,.93338436,.82541031,-.51133108,1.3410914,.39629269,1,1,3
MUNICIPALIDAD DISTRITAL DE HUANCAPON,MUNICIPALIDAD DISTRITAL DE HUANCAPON,.72073221,.85417539,.75276577,.17185876,1.0457159,-.1717488,2,3,2
MUNICIPALIDAD DISTRITAL DE HUANCARAMA,MUNICIPALIDAD DISTRITAL DE HUANCARAMA,.78917193,.69643855,.84303349,.64725423,.45750469,.5340966,2,3,2
MUNICIPALIDAD DISTRITAL DE HUANCARANI,MUNICIPALIDAD DISTRITAL DE HUANCARANI,.91866452,.92127073,.96018517,1.5467347,1.2959188,1.4501601,2,3,2
MUNICIPALIDAD DISTRITAL DE HUANCARAY,MUNICIPALIDAD DISTRITAL DE HUANCARAY,.86549807,.12236743,.64094144,1.1774303,-1.6832447,-1.0461555,3,2,1
MUNICIPALIDAD DISTRITAL DE HUANCARAYLLA,MUNICIPALIDAD DISTRITAL DE HUANCARAYLLA,.81447357,.76797503,.63967407,.82300431,.72426897,-1.0560656,2,3,2
MUNICIPALIDAD DISTRITAL DE HUANCARQUI,MUNICIPALIDAD DISTRITAL DE HUANCARQUI,.79638118,.71572781,.8839286,.69733101,.52943563,.8538745,2,3,2
MUNICIPALIDAD DISTRITAL DE HUANCAS,MUNICIPALIDAD DISTRITAL DE HUANCAS,.62063098,.54412949,.78333336,-.52346367,-.11046594,.067273416,1,1,3
MUNICIPALIDAD DISTRITAL DE HUANCASPATA,MUNICIPALIDAD DISTRITAL DE HUANCASPATA,.74563408,.80276757,.96197528,.34483191,.85401273,1.4641578,2,3,2
MUNICIPALIDAD DISTRITAL DE HUANCAYA,MUNICIPALIDAD DISTRITAL DE HUANCAYA,.79298377,.88721377,.79099333,.67373198,1.1689181,.12717031,2,3,2
MUNICIPALIDAD DISTRITAL DE HUANCHACO,MUNICIPALIDAD DISTRITAL DE HUANCHACO,.59573132,.18508846,.66714847,-.6964215,-1.4493539,-.84123045,3,2,1
MUNICIPALIDAD DISTRITAL DE HUANCHAY,MUNICIPALIDAD DISTRITAL DE HUANCHAY,.7136997,.95540398,.96467394,.12300956,1.4232041,1.48526,2,3,2
MUNICIPALIDAD DISTRITAL DE HUANDO,MUNICIPALIDAD DISTRITAL DE HUANDO,.63306493,.71768123,.82960701,-.43709511,.53672004,.42910865,1,1,3
MUNICIPALIDAD DISTRITAL DE HUANDOVAL,MUNICIPALIDAD DISTRITAL DE HUANDOVAL,.38757849,.061760645,.62373739,-2.1422911,-1.9092515,-1.1806818,3,2,1
MUNICIPALIDAD DISTRITAL DE HUANGASCAR,MUNICIPALIDAD DISTRITAL DE HUANGASCAR,.63524258,.7090205,.63749999,-.4219687,.50442362,-1.0730658,3,2,1
MUNICIPALIDAD DISTRITAL DE HUANIPACA,MUNICIPALIDAD DISTRITAL DE HUANIPACA,.73601276,.88753289,.78693527,.27800035,1.1701082,.095438421,2,3,2
MUNICIPALIDAD DISTRITAL DE HUANOQUITE,MUNICIPALIDAD DISTRITAL DE HUANOQUITE,.94937217,.90152681,.92888474,1.760036,1.2222924,1.2054076,2,3,2
MUNICIPALIDAD DISTRITAL DE HUANTAN,MUNICIPALIDAD DISTRITAL DE HUANTAN,.6106087,.73623782,.81240684,-.5930804,.60591882,.2946125,1,1,3
MUNICIPALIDAD DISTRITAL DE HUANTAR,MUNICIPALIDAD DISTRITAL DE HUANTAR,.64352727,.9999578,.99621212,-.36442164,1.5893482,1.7318717,1,1,3
MUNICIPALIDAD DISTRITAL DE HUANUARA,MUNICIPALIDAD DISTRITAL DE HUANUARA,.69587731,.10128448,.58492064,-.00078815856,-1.7618645,-1.4842081,3,2,1
MUNICIPALIDAD DISTRITAL DE HUANUHUANU,MUNICIPALIDAD DISTRITAL DE HUANUHUANU,.7132653,.83581704,.95040649,.11999214,.97725636,1.3736961,2,3,2
MUNICIPALIDAD DISTRITAL DE HUANZA,MUNICIPALIDAD DISTRITAL DE HUANZA,.61429131,.89332408,.91213816,-.56750023,1.1917039,1.0744582,1,1,3
MUNICIPALIDAD DISTRITAL DE HUAQUIRCA,MUNICIPALIDAD DISTRITAL DE HUAQUIRCA,.834916,.8252123,.90000004,.96500129,.93771058,.97954458,2,3,2
MUNICIPALIDAD DISTRITAL DE HUARANCHAL,MUNICIPALIDAD DISTRITAL DE HUARANCHAL,.76461059,.10421523,.75031829,.47664639,-1.7509356,-.19088684,3,2,1
MUNICIPALIDAD DISTRITAL DE HUARANGO,MUNICIPALIDAD DISTRITAL DE HUARANGO,.69326752,.065272719,.53068781,-.018916259,-1.8961548,-1.90828,3,2,1
MUNICIPALIDAD DISTRITAL DE HUARIACA,MUNICIPALIDAD DISTRITAL DE HUARIACA,.52043527,.80760694,.82837528,-1.2194424,.87205899,.41947719,1,1,3
MUNICIPALIDAD DISTRITAL DE HUARIBAMBA,MUNICIPALIDAD DISTRITAL DE HUARIBAMBA,.87746382,.61539221,.71239316,1.2605467,.15527748,-.48744106,2,3,2
MUNICIPALIDAD DISTRITAL DE HUARICOLCA,MUNICIPALIDAD DISTRITAL DE HUARICOLCA,.83003414,.32053196,.75424254,.93109095,-.94427603,-.16020128,3,2,1
MUNICIPALIDAD DISTRITAL DE HUARIPAMPA,MUNICIPALIDAD DISTRITAL DE HUARIPAMPA,.89865482,.68892354,.72380954,1.4077435,.4294807,-.3981711,2,3,2
MUNICIPALIDAD DISTRITAL DE HUARMACA,MUNICIPALIDAD DISTRITAL DE HUARMACA,.63485777,.35337508,.64122742,-.42464164,-.82180184,-1.0439192,3,2,1
MUNICIPALIDAD DISTRITAL DE HUARO,MUNICIPALIDAD DISTRITAL DE HUARO,.89532167,.87658322,.84805197,1.3845907,1.1292762,.57333839,2,3,2
MUNICIPALIDAD DISTRITAL DE HUAROCHIRI,MUNICIPALIDAD DISTRITAL DE HUAROCHIRI,.62594038,.60241485,.73148149,-.48658356,.10688403,-.33818054,1,1,3
MUNICIPALIDAD DISTRITAL DE HUAROCONDO,MUNICIPALIDAD DISTRITAL DE HUAROCONDO,.73760915,.59487492,.8963868,.2890892,.078767136,.95129102,2,3,2
MUNICIPALIDAD DISTRITAL DE HUAROS,MUNICIPALIDAD DISTRITAL DE HUAROS,.91242719,.72729909,.8214286,1.503409,.5725857,.36515784,2,3,2
MUNICIPALIDAD DISTRITAL DE HUASAHUASI,MUNICIPALIDAD DISTRITAL DE HUASAHUASI,.66589361,.87243527,.89757222,-.20906071,1.1138082,.96056032,1,1,3
MUNICIPALIDAD DISTRITAL DE HUASICANCHA,MUNICIPALIDAD DISTRITAL DE HUASICANCHA,.6754353,.48536614,.62534112,-.14278229,-.3295984,-1.1681416,3,2,1
MUNICIPALIDAD DISTRITAL DE HUASMIN,MUNICIPALIDAD DISTRITAL DE HUASMIN,.73684347,.48187277,.78885007,.28377062,-.34262541,.11041113,2,3,2
MUNICIPALIDAD DISTRITAL DE HUASO,MUNICIPALIDAD DISTRITAL DE HUASO,.50686812,.51437157,.87518799,-1.3136824,-.2214352,.78552765,1,1,3
MUNICIPALIDAD DISTRITAL DE HUASTA,MUNICIPALIDAD DISTRITAL DE HUASTA,.63824433,.6367197,.89313561,-.40111795,.23480913,.92586839,1,1,3
MUNICIPALIDAD DISTRITAL DE HUATA,MUNICIPALIDAD DISTRITAL DE HUATA,.62895453,.94351012,.92037034,-.46564671,1.3788511,1.1388295,1,1,3
MUNICIPALIDAD DISTRITAL DE HUATASANI,MUNICIPALIDAD DISTRITAL DE HUATASANI,.87944061,.146386,.59243697,1.2742778,-1.5936779,-1.4254345,3,2,1
MUNICIPALIDAD DISTRITAL DE HUAURA,MUNICIPALIDAD DISTRITAL DE HUAURA,.62236488,.65175247,.87359309,-.51141971,.29086733,.77305633,1,1,3
MUNICIPALIDAD DISTRITAL DE HUAY - HUAY,MUNICIPALIDAD DISTRITAL DE HUAY - HUAY,.7548821,.9910121,.96657211,.40907043,1.555989,1.5001026,2,3,2
MUNICIPALIDAD DISTRITAL DE HUAYACUNDO ARMA,MUNICIPALIDAD DISTRITAL DE HUAYACUNDO ARMA,.58418965,.74955004,.68131316,-.77659214,.65556097,-.73047012,1,1,3
MUNICIPALIDAD DISTRITAL DE HUAYAN,MUNICIPALIDAD DISTRITAL DE HUAYAN,.46062744,.87526554,.95833331,-1.6348791,1.1243625,1.4356797,1,1,3
MUNICIPALIDAD DISTRITAL DE HUAYANA,MUNICIPALIDAD DISTRITAL DE HUAYANA,.50925237,.40712664,.72118706,-1.2971209,-.62135869,-.41867754,3,2,1
MUNICIPALIDAD DISTRITAL DE HUAYLAS,MUNICIPALIDAD DISTRITAL DE HUAYLAS,.88192481,.82158697,.83255631,1.2915336,.92419147,.45217058,2,3,2
MUNICIPALIDAD DISTRITAL DE HUAYLILLAS,MUNICIPALIDAD DISTRITAL DE HUAYLILLAS,.52239466,1,1,-1.2058321,1.5895056,1.7614909,1,1,3
MUNICIPALIDAD DISTRITAL DE HUAYLLABAMBA,MUNICIPALIDAD DISTRITAL DE HUAYLLABAMBA,.8314628,.30707887,.82580328,.94101477,-.99444354,.39936551,3,2,2
MUNICIPALIDAD DISTRITAL DE HUAYLLACAYAN,MUNICIPALIDAD DISTRITAL DE HUAYLLACAYAN,.71594065,.96955317,.83888888,.13857567,1.4759673,.50168794,2,3,2
MUNICIPALIDAD DISTRITAL DE HUAYLLAHUARA,MUNICIPALIDAD DISTRITAL DE HUAYLLAHUARA,.53939271,.77800673,.82222223,-1.0877603,.76167786,.37136364,1,1,3
MUNICIPALIDAD DISTRITAL DE HUAYLLAN,MUNICIPALIDAD DISTRITAL DE HUAYLLAN,.68346661,.91659409,.94411767,-.086995274,1.2784793,1.3245208,2,3,3
MUNICIPALIDAD DISTRITAL DE HUAYLLAPAMPA,MUNICIPALIDAD DISTRITAL DE HUAYLLAPAMPA,.56516665,.45116755,.81391513,-.90872961,-.45712721,.30640656,1,1,3
MUNICIPALIDAD DISTRITAL DE HUAYLLATI,MUNICIPALIDAD DISTRITAL DE HUAYLLATI,.8856501,.38122469,.759058,1.3174101,-.71794879,-.12254696,3,2,2
MUNICIPALIDAD DISTRITAL DE HUAYLLAY,MUNICIPALIDAD DISTRITAL DE HUAYLLAY,.43605775,.59843218,.84334475,-1.805545,.092032418,.53653044,1,1,3
MUNICIPALIDAD DISTRITAL DE HUAYLLAY GRANDE,MUNICIPALIDAD DISTRITAL DE HUAYLLAY GRANDE,.64288884,.24146359,.54464287,-.36885628,-1.2391273,-1.7991589,3,2,1
MUNICIPALIDAD DISTRITAL DE HUAYNACOTAS,MUNICIPALIDAD DISTRITAL DE HUAYNACOTAS,.63350576,.43295777,.85988438,-.43403298,-.5250327,.66586155,1,1,3
MUNICIPALIDAD DISTRITAL DE HUAYO,MUNICIPALIDAD DISTRITAL DE HUAYO,.50963318,.8119024,.92406934,-1.2944758,.88807708,1.1677537,1,1,3
MUNICIPALIDAD DISTRITAL DE HUAYOPATA,MUNICIPALIDAD DISTRITAL DE HUAYOPATA,.93102652,.8803094,.88422245,1.6326035,1.1431713,.85617226,2,3,2
MUNICIPALIDAD DISTRITAL DE HUAYRAPATA,MUNICIPALIDAD DISTRITAL DE HUAYRAPATA,.74295962,.38231912,.63910258,.32625461,-.7138676,-1.0605344,3,2,1
MUNICIPALIDAD DISTRITAL DE HUAYUCACHI,MUNICIPALIDAD DISTRITAL DE HUAYUCACHI,.81340748,.25120971,.76147187,.81559902,-1.2027833,-.1036718,3,2,1
MUNICIPALIDAD DISTRITAL DE HUAÑEC,MUNICIPALIDAD DISTRITAL DE HUAÑEC,.74468374,.6324752,.62328047,.3382307,.21898109,-1.1842548,3,2,1
MUNICIPALIDAD DISTRITAL DE HUEPETUHE,MUNICIPALIDAD DISTRITAL DE HUEPETUHE,.53468931,.9514215,.88344228,-1.1204311,1.4083531,.85007179,1,1,3
MUNICIPALIDAD DISTRITAL DE HUERTAS,MUNICIPALIDAD DISTRITAL DE HUERTAS,.88621098,.50939173,.71082252,1.3213061,-.24000539,-.49972266,2,3,2
MUNICIPALIDAD DISTRITAL DE HUICUNGO,MUNICIPALIDAD DISTRITAL DE HUICUNGO,.98136228,.78540194,.75493824,1.9822454,.78925508,-.15476124,2,3,2
MUNICIPALIDAD DISTRITAL DE HUIMBAYOC,MUNICIPALIDAD DISTRITAL DE HUIMBAYOC,.77598608,.29131606,.69084966,.55566275,-1.0532241,-.65589976,3,2,1
MUNICIPALIDAD DISTRITAL DE HUIPOCA,MUNICIPALIDAD DISTRITAL DE HUIPOCA,.76015478,.65277648,.6761905,.44569552,.29468593,-.77052665,2,3,2
MUNICIPALIDAD DISTRITAL DE HUMAY,MUNICIPALIDAD DISTRITAL DE HUMAY,.39432764,.81512898,.88126987,-2.0954103,.90010923,.8330847,1,1,3
MUNICIPALIDAD DISTRITAL DE IBERIA,MUNICIPALIDAD DISTRITAL DE IBERIA,.67686975,.097657099,.42375171,-.13281836,-1.7753912,-2.7444632,3,2,1
MUNICIPALIDAD DISTRITAL DE ICHOCAN,MUNICIPALIDAD DISTRITAL DE ICHOCAN,.68033069,.063987166,.32483384,-.10877798,-1.9009486,-3.5179482,3,2,1
MUNICIPALIDAD DISTRITAL DE ICHUPAMPA,MUNICIPALIDAD DISTRITAL DE ICHUPAMPA,.97044957,.34015962,.72222221,1.9064436,-.87108314,-.4105832,3,2,1
MUNICIPALIDAD DISTRITAL DE ICHUÑA,MUNICIPALIDAD DISTRITAL DE ICHUÑA,.90873027,.81933153,.88776684,1.4777294,.91578078,.88388747,2,3,2
MUNICIPALIDAD DISTRITAL DE IGNACIO ESCUDERO,MUNICIPALIDAD DISTRITAL DE IGNACIO ESCUDERO,.56161672,.20661707,.71037853,-.93338811,-1.3690722,-.50319445,3,2,1
MUNICIPALIDAD DISTRITAL DE IGUAIN,MUNICIPALIDAD DISTRITAL DE IGUAIN,.85182643,.52739078,.71623933,1.0824645,-.17288572,-.45736608,2,3,2
MUNICIPALIDAD DISTRITAL DE IHUARI,MUNICIPALIDAD DISTRITAL DE IHUARI,.77436417,.354523,.81152767,.5443967,-.81752115,.28773788,3,2,1
MUNICIPALIDAD DISTRITAL DE IHUAYLLO,MUNICIPALIDAD DISTRITAL DE IHUAYLLO,.97281182,.89931417,.80555558,1.9228523,1.2140414,.24103932,2,3,2
MUNICIPALIDAD DISTRITAL DE ILABAYA,MUNICIPALIDAD DISTRITAL DE ILABAYA,.88231319,.97621375,.96177292,1.2942314,1.500805,1.4625756,2,3,2
MUNICIPALIDAD DISTRITAL DE ILLIMO,MUNICIPALIDAD DISTRITAL DE ILLIMO,.58654833,.12835631,.71957672,-.76020837,-1.6609118,-.43126953,3,2,1
MUNICIPALIDAD DISTRITAL DE IMAZA,MUNICIPALIDAD DISTRITAL DE IMAZA,.65522522,.92521328,.94570136,-.28316545,1.3106209,1.3369045,1,1,3
MUNICIPALIDAD DISTRITAL DE IMPERIAL,MUNICIPALIDAD DISTRITAL DE IMPERIAL,.53649592,.7880913,.89460939,-1.107882,.79928392,.93739259,1,1,3
MUNICIPALIDAD DISTRITAL DE INAHUAYA,MUNICIPALIDAD DISTRITAL DE INAHUAYA,.90035009,.44096625,.66666669,1.4195192,-.49516854,-.8449977,3,2,1
MUNICIPALIDAD DISTRITAL DE INAMBARI,MUNICIPALIDAD DISTRITAL DE INAMBARI,.67427933,.23561868,.75341129,-.1508119,-1.2609233,-.1667012,3,2,1
MUNICIPALIDAD DISTRITAL DE INCAHUASI,MUNICIPALIDAD DISTRITAL DE INCAHUASI,.6488592,.52004755,.65051043,-.32738501,-.20026912,-.971331,3,2,1
MUNICIPALIDAD DISTRITAL DE INCHUPALLA,MUNICIPALIDAD DISTRITAL DE INCHUPALLA,.84599233,.8069641,.83333331,1.0419396,.86966181,.45824635,2,3,2
MUNICIPALIDAD DISTRITAL DE INCLAN,MUNICIPALIDAD DISTRITAL DE INCLAN,.88154411,.86411965,.84276897,1.2888892,1.0827987,.53202814,2,3,2
MUNICIPALIDAD DISTRITAL DE INDEPENDENCIA,MUNICIPALIDAD DISTRITAL DE INDEPENDENCIA,.44176328,.89961177,.92872739,-1.7659131,1.2151512,1.2041771,1,1,3
MUNICIPALIDAD DISTRITAL DE INDIANA,MUNICIPALIDAD DISTRITAL DE INDIANA,.751414,.41984522,.93636364,.38498038,-.57393026,1.2638885,2,3,2
MUNICIPALIDAD DISTRITAL DE INGENIO,MUNICIPALIDAD DISTRITAL DE INGENIO,.70737731,.37090856,.68090814,.079093061,-.75641835,-.73363715,3,2,1
MUNICIPALIDAD DISTRITAL DE INGUILPATA,MUNICIPALIDAD DISTRITAL DE INGUILPATA,.92674947,.2019127,.50084174,1.6028943,-1.3866152,-2.1416605,3,2,1
MUNICIPALIDAD DISTRITAL DE INKAWASI,MUNICIPALIDAD DISTRITAL DE INKAWASI,.81205577,.53601468,.9048242,.80620974,-.14072663,1.0172669,2,3,2
MUNICIPALIDAD DISTRITAL DE IPARIA,MUNICIPALIDAD DISTRITAL DE IPARIA,.75404012,.79281944,.7607426,.40322191,.81691545,-.10937425,2,3,2
MUNICIPALIDAD DISTRITAL DE IRAY,MUNICIPALIDAD DISTRITAL DE IRAY,.84046793,.2426694,.7597841,1.0035661,-1.2346307,-.11686922,3,2,1
MUNICIPALIDAD DISTRITAL DE IRAZOLA,MUNICIPALIDAD DISTRITAL DE IRAZOLA,.7581107,.36330408,.69743592,.43149695,-.78477597,-.60439879,3,2,1
MUNICIPALIDAD DISTRITAL DE ISLAY,MUNICIPALIDAD DISTRITAL DE ISLAY,.70200342,.67634445,.91425204,.041764952,.38257247,1.0909877,2,3,2
MUNICIPALIDAD DISTRITAL DE ITE,MUNICIPALIDAD DISTRITAL DE ITE,.85875136,.94224209,.9718982,1.1305664,1.3741225,1.5417498,2,3,2
MUNICIPALIDAD DISTRITAL DE ITUATA,MUNICIPALIDAD DISTRITAL DE ITUATA,.73073143,.89050144,.88179427,.24131523,1.1811781,.8371852,2,3,2
MUNICIPALIDAD DISTRITAL DE IZCUCHACA,MUNICIPALIDAD DISTRITAL DE IZCUCHACA,.6373778,.69577545,.72407407,-.40713707,.45503193,-.39610267,1,1,3
MUNICIPALIDAD DISTRITAL DE JACAS CHICO,MUNICIPALIDAD DISTRITAL DE JACAS CHICO,.63559365,.32213029,.55757576,-.41953006,-.93831575,-1.6980306,3,2,1
MUNICIPALIDAD DISTRITAL DE JACAS GRANDE,MUNICIPALIDAD DISTRITAL DE JACAS GRANDE,.8429836,.78995681,.79514992,1.0210404,.8062405,.15967262,2,3,2
MUNICIPALIDAD DISTRITAL DE JACOBO HUNTER,MUNICIPALIDAD DISTRITAL DE JACOBO HUNTER,.63516146,.86094046,.88085616,-.42253217,1.0709432,.82984966,1,1,3
MUNICIPALIDAD DISTRITAL DE JAMALCA,MUNICIPALIDAD DISTRITAL DE JAMALCA,.85506397,.09609551,.74122673,1.1049531,-1.7812145,-.26197794,3,2,1
MUNICIPALIDAD DISTRITAL DE JANGAS,MUNICIPALIDAD DISTRITAL DE JANGAS,.5274834,.39237922,.85357141,-1.1704847,-.6763528,.61649752,1,1,3
MUNICIPALIDAD DISTRITAL DE JANJAILLO,MUNICIPALIDAD DISTRITAL DE JANJAILLO,.77752531,.73938948,.69444448,.56635451,.61767155,-.62779021,2,3,2
MUNICIPALIDAD DISTRITAL DE JAQUI,MUNICIPALIDAD DISTRITAL DE JAQUI,.57465655,.32505226,.91075981,-.84281093,-.92741954,1.0636802,1,1,3
MUNICIPALIDAD DISTRITAL DE JAYANCA,MUNICIPALIDAD DISTRITAL DE JAYANCA,.44447908,.52432001,.77657676,-1.7470487,-.18433683,.01444038,1,1,3
MUNICIPALIDAD DISTRITAL DE JAZAN,MUNICIPALIDAD DISTRITAL DE JAZAN,.55513364,.65793997,.62987012,-.97842079,.31394091,-1.1327273,1,1,1
MUNICIPALIDAD DISTRITAL DE JEBEROS,MUNICIPALIDAD DISTRITAL DE JEBEROS,.68737453,.95965457,.81413686,-.059850115,1.4390547,.30814037,2,3,3
MUNICIPALIDAD DISTRITAL DE JENARO HERRERA,MUNICIPALIDAD DISTRITAL DE JENARO HERRERA,.67764676,.99578571,.95833331,-.12742113,1.5737902,1.4356797,1,1,3
MUNICIPALIDAD DISTRITAL DE JEPELACIO,MUNICIPALIDAD DISTRITAL DE JEPELACIO,.69279921,.25962216,.7977258,-.022169255,-1.1714127,.17981458,3,2,1
MUNICIPALIDAD DISTRITAL DE JEQUETEPEQUE,MUNICIPALIDAD DISTRITAL DE JEQUETEPEQUE,.77889651,.86525702,.89285713,.57587916,1.0870401,.92369086,2,3,2
MUNICIPALIDAD DISTRITAL DE JESUS,MUNICIPALIDAD DISTRITAL DE JESUS,.8009069,.43434402,.69034094,.72876757,-.51986325,-.65987772,3,2,1
MUNICIPALIDAD DISTRITAL DE JESUS MARIA,MUNICIPALIDAD DISTRITAL DE JESUS MARIA,.93695855,.44599706,.55952382,1.6738086,-.47640833,-1.6827978,3,2,1
MUNICIPALIDAD DISTRITAL DE JILILI,MUNICIPALIDAD DISTRITAL DE JILILI,.80313754,.33412758,.61586452,.74426204,-.8935771,-1.2422436,3,2,1
MUNICIPALIDAD DISTRITAL DE JIRCAN,MUNICIPALIDAD DISTRITAL DE JIRCAN,.76402795,.67049241,.76703298,.4725993,.36074981,-.060186859,2,3,2
MUNICIPALIDAD DISTRITAL DE JIVIA,MUNICIPALIDAD DISTRITAL DE JIVIA,.5599333,.68065941,.93333334,-.94508141,.39866322,1.2401932,1,1,3
MUNICIPALIDAD DISTRITAL DE JORGE CHAVEZ,MUNICIPALIDAD DISTRITAL DE JORGE CHAVEZ,.59639895,.41403124,.57323229,-.69178402,-.59561098,-1.5756048,3,2,1
MUNICIPALIDAD DISTRITAL DE JOSE DOMINGO CHOQUEHUANCA,MUNICIPALIDAD DISTRITAL DE JOSE DOMINGO CHOQUEHUANCA,.88635314,.66409039,.79104227,1.3222936,.33687627,.12755296,2,3,2
MUNICIPALIDAD DISTRITAL DE JOSE GALVEZ,MUNICIPALIDAD DISTRITAL DE JOSE GALVEZ,.48694405,.06997177,.39922702,-1.4520788,-1.8786317,-2.9362333,3,2,1
MUNICIPALIDAD DISTRITAL DE JOSE LEONARDO ORTIZ,MUNICIPALIDAD DISTRITAL DE JOSE LEONARDO ORTIZ,.66612542,.13341586,.53846157,-.20745057,-1.6420444,-1.8474934,3,2,1
MUNICIPALIDAD DISTRITAL DE JOSE LUIS BUSTAMANTE Y RIVERO,MUNICIPALIDAD DISTRITAL DE JOSE LUIS BUSTAMANTE Y RIVERO,.81733567,.818124,.9181419,.84288496,.91127783,1.1214043,2,3,2
MUNICIPALIDAD DISTRITAL DE JOSE MANUEL QUIROZ,MUNICIPALIDAD DISTRITAL DE JOSE MANUEL QUIROZ,.84414405,.086960956,.51516795,1.0291011,-1.8152778,-2.0296371,3,2,1
MUNICIPALIDAD DISTRITAL DE JOSE MARIA QUIMPER,MUNICIPALIDAD DISTRITAL DE JOSE MARIA QUIMPER,.94920975,.18555287,.83333331,1.7589078,-1.4476221,.45824635,3,2,2
MUNICIPALIDAD DISTRITAL DE JOSE MARÍA ARGUEDAS,MUNICIPALIDAD DISTRITAL DE JOSE MARÍA ARGUEDAS,.63953352,.73770732,.87741226,-.39216301,.6113987,.80292022,1,1,3
MUNICIPALIDAD DISTRITAL DE JOSE SABOGAL,MUNICIPALIDAD DISTRITAL DE JOSE SABOGAL,.77960312,.46227899,.85393333,.58078742,-.41569191,.61932755,2,3,2
MUNICIPALIDAD DISTRITAL DE JUAN ESPINOZA MEDRANO,MUNICIPALIDAD DISTRITAL DE JUAN ESPINOZA MEDRANO,.80643815,.67661953,.84883255,.76718867,.38359824,.57944208,2,3,2
MUNICIPALIDAD DISTRITAL DE JUAN GUERRA,MUNICIPALIDAD DISTRITAL DE JUAN GUERRA,.65937901,.087751746,.35258469,-.25431243,-1.8123289,-3.3009512,3,2,1
MUNICIPALIDAD DISTRITAL DE JULCAMARCA,MUNICIPALIDAD DISTRITAL DE JULCAMARCA,.7432999,.63629895,.80228758,.32861826,.23324013,.21548529,2,3,2
MUNICIPALIDAD DISTRITAL DE JULCAN,MUNICIPALIDAD DISTRITAL DE JULCAN,.68628162,.63757944,.79960316,-.067441687,.23801515,.19449459,2,3,2
MUNICIPALIDAD DISTRITAL DE JUSTO APU SAHUARAURA,MUNICIPALIDAD DISTRITAL DE JUSTO APU SAHUARAURA,.66267157,.91793495,.80103266,-.23144168,1.2834796,.2056725,1,1,3
MUNICIPALIDAD DISTRITAL DE KAQUIABAMBA,MUNICIPALIDAD DISTRITAL DE KAQUIABAMBA,.71025962,.34119779,.77094018,.09911409,-.86721176,-.029634612,3,2,1
MUNICIPALIDAD DISTRITAL DE KAÑARIS,MUNICIPALIDAD DISTRITAL DE KAÑARIS,.8635112,.12998907,.58204633,1.1636292,-1.6548232,-1.5066837,3,2,1
MUNICIPALIDAD DISTRITAL DE KELLUYO,MUNICIPALIDAD DISTRITAL DE KELLUYO,.87950832,.82863057,.85978174,1.2747482,.95045751,.66505897,2,3,2
MUNICIPALIDAD DISTRITAL DE KISHUARA,MUNICIPALIDAD DISTRITAL DE KISHUARA,.57920897,.78344226,.86207116,-.81118894,.78194731,.68296099,1,1,3
MUNICIPALIDAD DISTRITAL DE KOSÑIPATA,MUNICIPALIDAD DISTRITAL DE KOSÑIPATA,.66934192,.8771894,.97282231,-.1851081,1.1315366,1.5489758,1,1,3
MUNICIPALIDAD DISTRITAL DE KUMPIRUSHIATO,MUNICIPALIDAD DISTRITAL DE KUMPIRUSHIATO,.86586601,.99699587,.98709506,1.179986,1.578303,1.6605811,2,3,2
MUNICIPALIDAD DISTRITAL DE KUNTURKANKI,MUNICIPALIDAD DISTRITAL DE KUNTURKANKI,.90738893,.86919296,.96047407,1.4684123,1.1017174,1.4524193,2,3,2
MUNICIPALIDAD DISTRITAL DE LA ARENA,MUNICIPALIDAD DISTRITAL DE LA ARENA,.81883889,.33933473,.43119833,.85332668,-.87415928,-2.6862347,3,2,1
MUNICIPALIDAD DISTRITAL DE LA BANDA DE SHILCAYO,MUNICIPALIDAD DISTRITAL DE LA BANDA DE SHILCAYO,.6340121,.23543629,.78359175,-.43051583,-1.2616035,.069293857,3,2,1
MUNICIPALIDAD DISTRITAL DE LA BREA,MUNICIPALIDAD DISTRITAL DE LA BREA,.75751096,.78417146,.82655561,.42733103,.78466654,.40524834,2,3,2
MUNICIPALIDAD DISTRITAL DE LA CAPILLA,MUNICIPALIDAD DISTRITAL DE LA CAPILLA,.85344565,.86501342,.8706553,1.0937119,1.0861316,.75008434,2,3,2
MUNICIPALIDAD DISTRITAL DE LA COIPA,MUNICIPALIDAD DISTRITAL DE LA COIPA,.54662836,.29243156,.65850431,-1.0375001,-1.0490643,-.90882319,3,2,1
MUNICIPALIDAD DISTRITAL DE LA CRUZ,MUNICIPALIDAD DISTRITAL DE LA CRUZ,.8697679,.69816405,.79497766,1.2070894,.46393919,.15832566,2,3,2
MUNICIPALIDAD DISTRITAL DE LA CUESTA,MUNICIPALIDAD DISTRITAL DE LA CUESTA,.59282625,.16313158,.73567122,-.71660072,-1.5312326,-.30541909,3,2,1
MUNICIPALIDAD DISTRITAL DE LA ESPERANZA,MUNICIPALIDAD DISTRITAL DE LA ESPERANZA,.65622145,.44662669,.67661369,-.27624542,-.47406039,-.76721746,3,2,1
MUNICIPALIDAD DISTRITAL DE LA FLORIDA,MUNICIPALIDAD DISTRITAL DE LA FLORIDA,.85800701,.56627685,.67948717,1.125396,-.027876971,-.74474841,2,3,2
MUNICIPALIDAD DISTRITAL DE LA HUACA,MUNICIPALIDAD DISTRITAL DE LA HUACA,.60336173,.76076275,.78478259,-.64341927,.69737393,.0786056,1,1,3
MUNICIPALIDAD DISTRITAL DE LA JALCA,MUNICIPALIDAD DISTRITAL DE LA JALCA,.70135117,.33055201,.56507939,.037234273,-.9069106,-1.6393561,3,2,1
MUNICIPALIDAD DISTRITAL DE LA JOYA,MUNICIPALIDAD DISTRITAL DE LA JOYA,.84824848,.86688393,.97489065,1.0576113,1.0931069,1.5651492,2,3,2
MUNICIPALIDAD DISTRITAL DE LA LIBERTAD,MUNICIPALIDAD DISTRITAL DE LA LIBERTAD,.73822868,.85421389,.83800185,.29339257,1.0458595,.49475181,2,3,2
MUNICIPALIDAD DISTRITAL DE LA LIBERTAD DE PALLAN,MUNICIPALIDAD DISTRITAL DE LA LIBERTAD DE PALLAN,.8285901,.27432376,.65447187,.92106038,-1.1165894,-.94035465,3,2,1
MUNICIPALIDAD DISTRITAL DE LA MATANZA,MUNICIPALIDAD DISTRITAL DE LA MATANZA,.71579462,.35117841,.67451692,.13756131,-.82999337,-.78361315,3,2,1
MUNICIPALIDAD DISTRITAL DE LA MERCED,MUNICIPALIDAD DISTRITAL DE LA MERCED,.70978761,.60595053,.8480348,.095835418,.12006885,.57320416,2,3,2
MUNICIPALIDAD DISTRITAL DE LA MOLINA,MUNICIPALIDAD DISTRITAL DE LA MOLINA,.72646725,.74635541,.90815276,.21169545,.64364803,1.0432945,2,3,2
MUNICIPALIDAD DISTRITAL DE LA MORADA,MUNICIPALIDAD DISTRITAL DE LA MORADA,.47538927,.24666137,.55774218,-1.5323405,-1.2197444,-1.6967293,3,2,1
MUNICIPALIDAD DISTRITAL DE LA PAMPA,MUNICIPALIDAD DISTRITAL DE LA PAMPA,.43384412,.78787285,.70328283,-1.8209212,.79846931,-.55867898,1,1,3
MUNICIPALIDAD DISTRITAL DE LA PECA,MUNICIPALIDAD DISTRITAL DE LA PECA,.58476114,.11130906,.56288451,-.77262247,-1.7244822,-1.6565189,3,2,1
MUNICIPALIDAD DISTRITAL DE LA PERLA,MUNICIPALIDAD DISTRITAL DE LA PERLA,.84367657,.52936429,.79876161,1.0258539,-.16552638,.18791406,2,3,2
MUNICIPALIDAD DISTRITAL DE LA PRIMAVERA,MUNICIPALIDAD DISTRITAL DE LA PRIMAVERA,.35595444,.74215961,.86136365,-2.361958,.62800157,.6774286,1,1,3
MUNICIPALIDAD DISTRITAL DE LA PUNTA,MUNICIPALIDAD DISTRITAL DE LA PUNTA,.52053356,.49177286,.68484849,-1.2187597,-.30570731,-.70282573,3,2,1
MUNICIPALIDAD DISTRITAL DE LA RAMADA,MUNICIPALIDAD DISTRITAL DE LA RAMADA,.7785635,.49948463,.52380955,.57356602,-.27694961,-1.9620643,3,2,1
MUNICIPALIDAD DISTRITAL DE LA UNION,MUNICIPALIDAD DISTRITAL DE LA UNION,.51186085,.29884219,.70392734,-1.279002,-1.0251586,-.55363929,3,2,1
MUNICIPALIDAD DISTRITAL DE LA VICTORIA,MUNICIPALIDAD DISTRITAL DE LA VICTORIA,.71559167,.6774193,.83633369,.13615155,.38658065,.48170772,2,3,2
MUNICIPALIDAD DISTRITAL DE LA YARADA LOS PALOS,MUNICIPALIDAD DISTRITAL DE LA YARADA LOS PALOS,.87340635,.70627224,.91068065,1.2323627,.4941752,1.0630612,2,3,2
MUNICIPALIDAD DISTRITAL DE LABERINTO,MUNICIPALIDAD DISTRITAL DE LABERINTO,.70225418,.33403745,.71240067,.043506756,-.89391315,-.48738235,3,2,1
MUNICIPALIDAD DISTRITAL DE LACABAMBA,MUNICIPALIDAD DISTRITAL DE LACABAMBA,.46867356,.17927039,.56862748,-1.5789893,-1.4710499,-1.6116121,3,2,1
MUNICIPALIDAD DISTRITAL DE LACHAQUI,MUNICIPALIDAD DISTRITAL DE LACHAQUI,.7445035,.54147673,.70833331,.33697867,-.12035827,-.51918691,3,2,1
MUNICIPALIDAD DISTRITAL DE LAGUNAS,MUNICIPALIDAD DISTRITAL DE LAGUNAS,.65734661,.64841157,.75703031,-.26842988,.27840889,-.13840242,1,1,3
MUNICIPALIDAD DISTRITAL DE LAHUAYTAMBO,MUNICIPALIDAD DISTRITAL DE LAHUAYTAMBO,.95396262,.56057543,.64626503,1.7919221,-.049137954,-1.0045278,2,3,2
MUNICIPALIDAD DISTRITAL DE LAJAS,MUNICIPALIDAD DISTRITAL DE LAJAS,.24105445,.65265602,.61911225,-3.1600754,.29423672,-1.216848,1,1,3
MUNICIPALIDAD DISTRITAL DE LALAQUIZ,MUNICIPALIDAD DISTRITAL DE LALAQUIZ,.82117248,.32464024,.68341386,.86953616,-.92895597,-.71404374,3,2,1
MUNICIPALIDAD DISTRITAL DE LAMAY,MUNICIPALIDAD DISTRITAL DE LAMAY,.90188903,.76880503,.88404119,1.4302089,.72736412,.85475492,2,3,2
MUNICIPALIDAD DISTRITAL DE LAMBRAMA,MUNICIPALIDAD DISTRITAL DE LAMBRAMA,.59344697,.90003163,.91919196,-.71228904,1.2167169,1.1296152,1,1,3
MUNICIPALIDAD DISTRITAL DE LAMBRAS,MUNICIPALIDAD DISTRITAL DE LAMBRAS,.7217406,.67068571,.84249997,.17886323,.36147064,.52992475,2,3,2
MUNICIPALIDAD DISTRITAL DE LAMPA,MUNICIPALIDAD DISTRITAL DE LAMPA,.83362615,.81092221,.96767676,.95604181,.88442189,1.5087404,2,3,2
MUNICIPALIDAD DISTRITAL DE LAMPIAN,MUNICIPALIDAD DISTRITAL DE LAMPIAN,.52500182,.49633208,.71031749,-1.1877222,-.28870568,-.50367171,1,1,3
MUNICIPALIDAD DISTRITAL DE LANCONES,MUNICIPALIDAD DISTRITAL DE LANCONES,.50911975,.74722344,.79294813,-1.2980422,.64688492,.14245576,1,1,3
MUNICIPALIDAD DISTRITAL DE LANGA,MUNICIPALIDAD DISTRITAL DE LANGA,.78765112,.82477009,.66243386,.63669038,.93606156,-.87809616,2,3,2
MUNICIPALIDAD DISTRITAL DE LANGUI,MUNICIPALIDAD DISTRITAL DE LANGUI,.88464445,.72210288,.83352828,1.3104247,.55320871,.45977089,2,3,2
MUNICIPALIDAD DISTRITAL DE LARAMARCA,MUNICIPALIDAD DISTRITAL DE LARAMARCA,.85956311,.61589766,.73889816,1.136205,.15716232,-.28018618,2,3,2
MUNICIPALIDAD DISTRITAL DE LARAMATE,MUNICIPALIDAD DISTRITAL DE LARAMATE,.79086065,.71190047,.80252099,.65898442,.51516324,.21731044,2,3,2
MUNICIPALIDAD DISTRITAL DE LARAOS,MUNICIPALIDAD DISTRITAL DE LARAOS,.57672483,.67156917,.85139322,-.8284443,.36476511,.59946519,1,1,3
MUNICIPALIDAD DISTRITAL DE LAREDO,MUNICIPALIDAD DISTRITAL DE LAREDO,.75489813,.32709381,.7262314,.4091818,-.91980648,-.37923348,3,2,1
MUNICIPALIDAD DISTRITAL DE LARES,MUNICIPALIDAD DISTRITAL DE LARES,.83843386,.97683883,.97817457,.9894371,1.503136,1.5908277,2,3,2
MUNICIPALIDAD DISTRITAL DE LARI,MUNICIPALIDAD DISTRITAL DE LARI,.72068101,.39574909,.88015872,.17150311,-.66378635,.82439607,2,3,2
MUNICIPALIDAD DISTRITAL DE LARIA,MUNICIPALIDAD DISTRITAL DE LARIA,.72876793,.24306707,.55838782,.22767641,-1.2331477,-1.6916807,3,2,1
MUNICIPALIDAD DISTRITAL DE LAS AMAZONAS,MUNICIPALIDAD DISTRITAL DE LAS AMAZONAS,.77536553,.8221097,.83240741,.55135232,.92614079,.45100632,2,3,2
MUNICIPALIDAD DISTRITAL DE LAS LOMAS,MUNICIPALIDAD DISTRITAL DE LAS LOMAS,.75698769,.21627422,.52911222,.42369628,-1.3330601,-1.9206003,3,2,1
MUNICIPALIDAD DISTRITAL DE LAS PIEDRAS,MUNICIPALIDAD DISTRITAL DE LAS PIEDRAS,.8489936,.64497858,.59535205,1.0627871,.26560703,-1.4026401,3,2,1
MUNICIPALIDAD DISTRITAL DE LAS PIRIAS,MUNICIPALIDAD DISTRITAL DE LAS PIRIAS,.48873997,.096212693,.49694753,-1.439604,-1.7807776,-2.172111,3,2,1
MUNICIPALIDAD DISTRITAL DE LAYO,MUNICIPALIDAD DISTRITAL DE LAYO,.92357153,.59119582,.86015123,1.5808197,.06504754,.66794819,2,3,2
MUNICIPALIDAD DISTRITAL DE LEIMEBAMBA,MUNICIPALIDAD DISTRITAL DE LEIMEBAMBA,.79673171,.19702642,.50980395,.69976592,-1.4048364,-2.0715806,3,2,1
MUNICIPALIDAD DISTRITAL DE LEONCIO PRADO,MUNICIPALIDAD DISTRITAL DE LEONCIO PRADO,.82571727,.41662455,.76796156,.90110517,-.58594036,-.052925855,3,2,2
MUNICIPALIDAD DISTRITAL DE LEONOR ORDO¥EZ,MUNICIPALIDAD DISTRITAL DE LEONOR ORDO¥EZ,.78063595,.074943051,.75925928,.58796167,-1.8600935,-.12097303,3,2,1
MUNICIPALIDAD DISTRITAL DE LEVANTO,MUNICIPALIDAD DISTRITAL DE LEVANTO,.80097121,.32392752,.66096866,.72921431,-.93161374,-.88955325,3,2,1
MUNICIPALIDAD DISTRITAL DE LIMABAMBA,MUNICIPALIDAD DISTRITAL DE LIMABAMBA,.9715243,.075900853,.62612146,1.9139088,-1.8565217,-1.1620398,3,2,1
MUNICIPALIDAD DISTRITAL DE LIMATAMBO,MUNICIPALIDAD DISTRITAL DE LIMATAMBO,.89337599,.72664458,.88121694,1.3710757,.57014495,.83267081,2,3,2
MUNICIPALIDAD DISTRITAL DE LIMBANI,MUNICIPALIDAD DISTRITAL DE LIMBANI,.77119839,.87795168,.96551722,.52240658,1.1343793,1.491854,2,3,2
MUNICIPALIDAD DISTRITAL DE LINCE,MUNICIPALIDAD DISTRITAL DE LINCE,.58871883,.9750213,.83513772,-.74513161,1.4963584,.4723559,1,1,3
MUNICIPALIDAD DISTRITAL DE LINCHA,MUNICIPALIDAD DISTRITAL DE LINCHA,.59758109,.5193308,.69999999,-.68357265,-.20294191,-.5843491,3,2,1
MUNICIPALIDAD DISTRITAL DE LIVITACA,MUNICIPALIDAD DISTRITAL DE LIVITACA,.89841485,.47381318,.79318094,1.4060766,-.37268016,.14427625,2,3,2
MUNICIPALIDAD DISTRITAL DE LLACANORA,MUNICIPALIDAD DISTRITAL DE LLACANORA,.80909204,.70350224,.83796299,.78562319,.48384565,.49444792,2,3,2
MUNICIPALIDAD DISTRITAL DE LLACLLIN,MUNICIPALIDAD DISTRITAL DE LLACLLIN,.58664888,.52510166,.88080806,-.75950986,-.18142198,.8294735,1,1,3
MUNICIPALIDAD DISTRITAL DE LLALLI,MUNICIPALIDAD DISTRITAL DE LLALLI,.74499142,.22486334,.74299723,.34036788,-1.3010308,-.24813361,3,2,1
MUNICIPALIDAD DISTRITAL DE LLAMA,MUNICIPALIDAD DISTRITAL DE LLAMA,.59393132,.31146675,.7166537,-.70892471,-.97808081,-.45412591,3,2,1
MUNICIPALIDAD DISTRITAL DE LLAPA,MUNICIPALIDAD DISTRITAL DE LLAPA,.68573534,.32962999,.58518523,-.07123623,-.91034889,-1.4821392,3,2,1
MUNICIPALIDAD DISTRITAL DE LLAPO,MUNICIPALIDAD DISTRITAL DE LLAPO,.49947011,.66614634,.7361111,-1.3650703,.34454301,-.30197942,1,1,3
MUNICIPALIDAD DISTRITAL DE LLAUTA,MUNICIPALIDAD DISTRITAL DE LLAUTA,.59148175,.70091462,.8547619,-.72593987,.47419626,.62580645,1,1,3
MUNICIPALIDAD DISTRITAL DE LLAYLLA,MUNICIPALIDAD DISTRITAL DE LLAYLLA,.75240332,.43882003,.84803921,.39185235,-.50317192,.57323861,2,3,2
MUNICIPALIDAD DISTRITAL DE LLIPA,MUNICIPALIDAD DISTRITAL DE LLIPA,.80697894,.91991353,.87962961,.77094513,1.2908578,.82025874,2,3,2
MUNICIPALIDAD DISTRITAL DE LLIPATA,MUNICIPALIDAD DISTRITAL DE LLIPATA,.71188939,.83728868,.89729804,.11043478,.98274422,.9584164,2,3,2
MUNICIPALIDAD DISTRITAL DE LLOCHEGUA,MUNICIPALIDAD DISTRITAL DE LLOCHEGUA,.71335053,.31952083,.74481726,.1205842,-.94804662,-.23390196,3,2,1
MUNICIPALIDAD DISTRITAL DE LLOCLLAPAMPA,MUNICIPALIDAD DISTRITAL DE LLOCLLAPAMPA,.50570858,.42644271,.84391534,-1.3217368,-.54932779,.5409922,1,1,3
MUNICIPALIDAD DISTRITAL DE LLOQUE,MUNICIPALIDAD DISTRITAL DE LLOQUE,.72198105,.59307128,.77345681,.18053341,.072041258,-.0099559287,2,3,2
MUNICIPALIDAD DISTRITAL DE LLUMPA,MUNICIPALIDAD DISTRITAL DE LLUMPA,.58078164,.79125637,.90984285,-.80026489,.81108665,1.0565101,1,1,3
MUNICIPALIDAD DISTRITAL DE LLUSCO,MUNICIPALIDAD DISTRITAL DE LLUSCO,.87815672,.43159035,.75902778,1.2653598,-.53013188,-.12278327,2,3,2
MUNICIPALIDAD DISTRITAL DE LLUTA,MUNICIPALIDAD DISTRITAL DE LLUTA,.82394379,.39854923,.85183769,.88878626,-.65334445,.60294074,2,3,2
MUNICIPALIDAD DISTRITAL DE LOBITOS,MUNICIPALIDAD DISTRITAL DE LOBITOS,.51010209,.88633114,.84604669,-1.2912186,1.1656268,.55765814,1,1,3
MUNICIPALIDAD DISTRITAL DE LOCROJA,MUNICIPALIDAD DISTRITAL DE LOCROJA,.70183712,.7178939,.84985077,.040609822,.53751314,.58740407,2,3,2
MUNICIPALIDAD DISTRITAL DE LOMAS,MUNICIPALIDAD DISTRITAL DE LOMAS,.48882237,.72049528,.88654995,-1.4390317,.54721385,.87437207,1,1,3
MUNICIPALIDAD DISTRITAL DE LONGAR,MUNICIPALIDAD DISTRITAL DE LONGAR,.61776477,.058966286,.67138046,-.54337293,-1.9196719,-.80813855,3,2,1
MUNICIPALIDAD DISTRITAL DE LONGOTEA,MUNICIPALIDAD DISTRITAL DE LONGOTEA,.60232836,.011728177,.58888888,-.65059721,-2.0958259,-1.4531786,3,2,1
MUNICIPALIDAD DISTRITAL DE LONGUITA,MUNICIPALIDAD DISTRITAL DE LONGUITA,.87468576,.26941302,.68165535,1.2412498,-1.134902,-.72779441,3,2,1
MUNICIPALIDAD DISTRITAL DE LONYA CHICO,MUNICIPALIDAD DISTRITAL DE LONYA CHICO,.89395881,.35101795,.58518517,1.3751241,-.83059174,-1.4821397,3,2,1
MUNICIPALIDAD DISTRITAL DE LONYA GRANDE,MUNICIPALIDAD DISTRITAL DE LONYA GRANDE,.58280623,.50403595,.67512077,-.78620172,-.25997743,-.77889132,3,2,1
MUNICIPALIDAD DISTRITAL DE LOS AQUIJES,MUNICIPALIDAD DISTRITAL DE LOS AQUIJES,.41656068,.8817361,.93612081,-1.9409753,1.1484916,1.2619897,1,1,3
MUNICIPALIDAD DISTRITAL DE LOS BA¥OS DEL INCA,MUNICIPALIDAD DISTRITAL DE LOS BA¥OS DEL INCA,.51967359,.44574037,.87423539,-1.2247332,-.47736552,.77807879,1,1,3
MUNICIPALIDAD DISTRITAL DE LOS CHANKAS,MUNICIPALIDAD DISTRITAL DE LOS CHANKAS,.83636087,.65090662,.88690478,.97503769,.28771311,.8771466,2,3,2
MUNICIPALIDAD DISTRITAL DE LOS MOROCHUCOS,MUNICIPALIDAD DISTRITAL DE LOS MOROCHUCOS,.61662185,.283746,.74465454,-.55131185,-1.0814533,-.23517436,3,2,1
MUNICIPALIDAD DISTRITAL DE LOS OLIVOS,MUNICIPALIDAD DISTRITAL DE LOS OLIVOS,.66353911,.46574757,.88187665,-.22541554,-.40275738,.83782935,1,1,3
MUNICIPALIDAD DISTRITAL DE LOS ORGANOS,MUNICIPALIDAD DISTRITAL DE LOS ORGANOS,.62822878,.47231749,.76722223,-.47068787,-.37825769,-.058707066,3,2,1
MUNICIPALIDAD DISTRITAL DE LUCANAS,MUNICIPALIDAD DISTRITAL DE LUCANAS,.51990384,.76513314,.69276893,-1.2231338,.71367139,-.64089209,1,1,3
MUNICIPALIDAD DISTRITAL DE LUCMA,MUNICIPALIDAD DISTRITAL DE LUCMA,.5491671,.4532249,.84074074,-1.0198656,-.44945523,.51616848,1,1,3
MUNICIPALIDAD DISTRITAL DE LUCRE,MUNICIPALIDAD DISTRITAL DE LUCRE,.90000987,.92433321,.87323236,1.4171559,1.3073391,.77023566,2,3,2
MUNICIPALIDAD DISTRITAL DE LUIS CARRANZA,MUNICIPALIDAD DISTRITAL DE LUIS CARRANZA,.74846852,.062874034,.58771932,.36452049,-1.9050996,-1.462324,3,2,1
MUNICIPALIDAD DISTRITAL DE LUNAHUANA,MUNICIPALIDAD DISTRITAL DE LUNAHUANA,.6623286,.81665015,.82639784,-.23382398,.90578175,.40401462,1,1,3
MUNICIPALIDAD DISTRITAL DE LURICOCHA,MUNICIPALIDAD DISTRITAL DE LURICOCHA,.83934462,.6371038,.66111112,.99576336,.23624143,-.8884393,2,3,2
MUNICIPALIDAD DISTRITAL DE LURIGANCHO (CHOSICA),MUNICIPALIDAD DISTRITAL DE LURIGANCHO (CHOSICA),.90912306,.76254666,.86466193,1.4804579,.70402622,.70321941,2,3,2
MUNICIPALIDAD DISTRITAL DE LURIN,MUNICIPALIDAD DISTRITAL DE LURIN,.78460717,.97133011,.90202379,.61554652,1.4825937,.99536926,2,3,2
MUNICIPALIDAD DISTRITAL DE LUYA,MUNICIPALIDAD DISTRITAL DE LUYA,.65838176,.12561898,.51892555,-.2612395,-1.6711196,-2.0002546,3,2,1
MUNICIPALIDAD DISTRITAL DE LUYA VIEJO,MUNICIPALIDAD DISTRITAL DE LUYA VIEJO,.75024414,.66765344,.64213568,.3768543,.3501631,-1.0368171,3,2,1
MUNICIPALIDAD DISTRITAL DE LUYANDO,MUNICIPALIDAD DISTRITAL DE LUYANDO,.66674483,.42580509,.76190478,-.20314801,-.55170554,-.10028668,3,2,1
MUNICIPALIDAD DISTRITAL DE MACA,MUNICIPALIDAD DISTRITAL DE MACA,.92057121,.24455017,.56123739,1.559979,-1.2276171,-1.6693985,3,2,1
MUNICIPALIDAD DISTRITAL DE MACARI,MUNICIPALIDAD DISTRITAL DE MACARI,.77823794,.65954602,.85255873,.57130462,.31992999,.60857886,2,3,2
MUNICIPALIDAD DISTRITAL DE MACATE,MUNICIPALIDAD DISTRITAL DE MACATE,.77243018,.54765093,.64316243,.53096282,-.097334251,-1.0287884,3,2,1
MUNICIPALIDAD DISTRITAL DE MACHAGUAY,MUNICIPALIDAD DISTRITAL DE MACHAGUAY,.48867458,.1358719,.49122807,-1.4400582,-1.6328857,-2.2168341,3,2,1
MUNICIPALIDAD DISTRITAL DE MACHE,MUNICIPALIDAD DISTRITAL DE MACHE,.73336786,.46793896,.72971016,.25962839,-.39458552,-.35203138,3,2,1
MUNICIPALIDAD DISTRITAL DE MACHUPICCHU,MUNICIPALIDAD DISTRITAL DE MACHUPICCHU,.8358081,.96244198,.93502855,.97119802,1.4494492,1.2534488,2,3,2
MUNICIPALIDAD DISTRITAL DE MADEAN,MUNICIPALIDAD DISTRITAL DE MADEAN,.81802857,.92890495,.88453162,.84769797,1.3243874,.85858977,2,3,2
MUNICIPALIDAD DISTRITAL DE MADRE DE DIOS,MUNICIPALIDAD DISTRITAL DE MADRE DE DIOS,.81338769,.98773032,.9234007,.81546158,1.5437511,1.1625253,2,3,2
MUNICIPALIDAD DISTRITAL DE MADRIGAL,MUNICIPALIDAD DISTRITAL DE MADRIGAL,.88148963,.25041738,.79304028,1.2885108,-1.2057379,.1431763,3,2,1
MUNICIPALIDAD DISTRITAL DE MAGDALENA,MUNICIPALIDAD DISTRITAL DE MAGDALENA,.86991119,.34979418,.5863049,1.2080847,-.83515525,-1.473384,3,2,1
MUNICIPALIDAD DISTRITAL DE MAGDALENA DE CAO,MUNICIPALIDAD DISTRITAL DE MAGDALENA DE CAO,.56179613,.31810862,.77156866,-.9321419,-.95331281,-.0247203,3,2,1
MUNICIPALIDAD DISTRITAL DE MAGDALENA DEL MAR,MUNICIPALIDAD DISTRITAL DE MAGDALENA DEL MAR,.7730884,.59329939,.70561892,.53553486,.072891884,-.54041207,2,3,2
MUNICIPALIDAD DISTRITAL DE MAJES,MUNICIPALIDAD DISTRITAL DE MAJES,.7256217,.88248175,.90573633,.20582208,1.1512722,1.0243993,2,3,2
MUNICIPALIDAD DISTRITAL DE MALA,MUNICIPALIDAD DISTRITAL DE MALA,.61353701,.93899459,.90465617,-.57273972,1.3620123,1.0159531,1,1,3
MUNICIPALIDAD DISTRITAL DE MALVAS,MUNICIPALIDAD DISTRITAL DE MALVAS,.70761114,.96196872,.94871795,.080717288,1.4476844,1.3604927,2,3,2
MUNICIPALIDAD DISTRITAL DE MAMARA,MUNICIPALIDAD DISTRITAL DE MAMARA,.83178532,.83418155,.93174601,.94325507,.97115749,1.2277811,2,3,2
MUNICIPALIDAD DISTRITAL DE MANANTAY,MUNICIPALIDAD DISTRITAL DE MANANTAY,.66661716,.62792802,.87328732,-.20403485,.20202436,.77066535,1,1,3
MUNICIPALIDAD DISTRITAL DE MANAS,MUNICIPALIDAD DISTRITAL DE MANAS,.78556925,.85451674,.87100106,.62222934,1.0469888,.75278807,2,3,2
MUNICIPALIDAD DISTRITAL DE MANCORA,MUNICIPALIDAD DISTRITAL DE MANCORA,.64217848,.52887577,.72566885,-.37379062,-.16734809,-.3836323,3,2,1
MUNICIPALIDAD DISTRITAL DE MANCOS,MUNICIPALIDAD DISTRITAL DE MANCOS,.70549059,.50854403,.73017609,.065987505,-.24316651,-.34838808,3,2,1
MUNICIPALIDAD DISTRITAL DE MANGAS,MUNICIPALIDAD DISTRITAL DE MANGAS,.52601355,.55442649,.69365078,-1.1806946,-.072067745,-.63399649,1,1,3
MUNICIPALIDAD DISTRITAL DE MANITEA,MUNICIPALIDAD DISTRITAL DE MANITEA,.80893934,.99750298,.96481478,.78456241,1.580194,1.4863613,2,3,2
MUNICIPALIDAD DISTRITAL DE MANSERICHE,MUNICIPALIDAD DISTRITAL DE MANSERICHE,.60464752,.93805099,.90603083,-.63448787,1.3584936,1.0267022,1,1,3
MUNICIPALIDAD DISTRITAL DE MANTA,MUNICIPALIDAD DISTRITAL DE MANTA,.73517978,.48812509,.66959065,.27221435,-.3193101,-.8221339,3,2,1
MUNICIPALIDAD DISTRITAL DE MANUEL ANTONIO MESONES MURO,MUNICIPALIDAD DISTRITAL DE MANUEL ANTONIO MESONES MURO,.41707572,.291098,.52966642,-1.9373977,-1.0540372,-1.9162667,3,2,1
MUNICIPALIDAD DISTRITAL DE MANZANARES,MUNICIPALIDAD DISTRITAL DE MANZANARES,.73304605,.11272686,.74206346,.25739306,-1.7191951,-.25543517,3,2,1
MUNICIPALIDAD DISTRITAL DE MAQUIA,MUNICIPALIDAD DISTRITAL DE MAQUIA,.79723734,.74725074,.93484622,.70327806,.64698672,1.2520231,2,3,2
MUNICIPALIDAD DISTRITAL DE MARA,MUNICIPALIDAD DISTRITAL DE MARA,.92332381,.57003534,.71219397,1.5790991,-.013861311,-.48899868,2,3,2
MUNICIPALIDAD DISTRITAL DE MARANGANI,MUNICIPALIDAD DISTRITAL DE MARANGANI,.9216733,.56332994,.8847329,1.5676342,-.038866207,.86016375,2,3,2
MUNICIPALIDAD DISTRITAL DE MARANURA,MUNICIPALIDAD DISTRITAL DE MARANURA,.84289002,.55924118,.8676123,1.0203904,-.054113463,.72628975,2,3,2
MUNICIPALIDAD DISTRITAL DE MARAS,MUNICIPALIDAD DISTRITAL DE MARAS,.88627344,.97508639,.98382068,1.32174,1.4966011,1.6349772,2,3,2
MUNICIPALIDAD DISTRITAL DE MARCA,MUNICIPALIDAD DISTRITAL DE MARCA,.67330003,.46633816,.7987923,-.15761434,-.40055501,.18815409,3,2,1
MUNICIPALIDAD DISTRITAL DE MARCABAL,MUNICIPALIDAD DISTRITAL DE MARCABAL,.54947281,.39017409,.86242914,-1.017742,-.68457592,.6857602,1,1,3
MUNICIPALIDAD DISTRITAL DE MARCABAMBA,MUNICIPALIDAD DISTRITAL DE MARCABAMBA,.79587847,.6790067,.79598665,.69383913,.39250013,.1662154,2,3,2
MUNICIPALIDAD DISTRITAL DE MARCAPATA,MUNICIPALIDAD DISTRITAL DE MARCAPATA,.82933301,.99799132,.94693834,.92622077,1.582015,1.346577,2,3,2
MUNICIPALIDAD DISTRITAL DE MARCAPOMACOCHA,MUNICIPALIDAD DISTRITAL DE MARCAPOMACOCHA,.41112164,.92669445,.95475113,-1.978756,1.3161443,1.4076689,1,1,3
MUNICIPALIDAD DISTRITAL DE MARCARA,MUNICIPALIDAD DISTRITAL DE MARCARA,.57313687,.61586022,.86617023,-.85336697,.15702274,.7150135,1,1,3
MUNICIPALIDAD DISTRITAL DE MARCAS,MUNICIPALIDAD DISTRITAL DE MARCAS,.72051269,.62862825,.58352762,.17033389,.20463558,-1.4951009,3,2,1
MUNICIPALIDAD DISTRITAL DE MARCAVELICA,MUNICIPALIDAD DISTRITAL DE MARCAVELICA,.62229025,.6089837,.58575988,-.51193804,.13137971,-1.4776458,3,2,1
MUNICIPALIDAD DISTRITAL DE MARCO,MUNICIPALIDAD DISTRITAL DE MARCO,.85915357,.89342839,.91638798,1.1333601,1.1920929,1.1076895,2,3,2
MUNICIPALIDAD DISTRITAL DE MARCONA,MUNICIPALIDAD DISTRITAL DE MARCONA,.46510562,.99850589,.99377048,-1.6037728,1.5839339,1.7127794,1,1,3
MUNICIPALIDAD DISTRITAL DE MARGOS,MUNICIPALIDAD DISTRITAL DE MARGOS,.69702107,.16855159,.65497077,.0071565737,-1.5110209,-.93645358,3,2,1
MUNICIPALIDAD DISTRITAL DE MARIA,MUNICIPALIDAD DISTRITAL DE MARIA,.70386302,.070016146,.56573057,.054682128,-1.8784662,-1.6342642,3,2,1
MUNICIPALIDAD DISTRITAL DE MARIA PARADO DE BELLIDO,MUNICIPALIDAD DISTRITAL DE MARIA PARADO DE BELLIDO,.74282753,.13751963,.653359,.32533711,-1.6267412,-.94905674,3,2,1
MUNICIPALIDAD DISTRITAL DE MARIANO DAMASO BERAUN,MUNICIPALIDAD DISTRITAL DE MARIANO DAMASO BERAUN,.50284278,.73984861,.5317837,-1.3416432,.61938369,-1.8997107,3,2,1
MUNICIPALIDAD DISTRITAL DE MARIANO MELGAR,MUNICIPALIDAD DISTRITAL DE MARIANO MELGAR,.61716878,.84834695,.94062823,-.54751277,1.0239812,1.2972354,1,1,3
MUNICIPALIDAD DISTRITAL DE MARIANO NICOLAS VALCARCEL,MUNICIPALIDAD DISTRITAL DE MARIANO NICOLAS VALCARCEL,.89374453,.53016323,.84869325,1.3736356,-.16254707,.57835287,2,3,2
MUNICIPALIDAD DISTRITAL DE MARIAS,MUNICIPALIDAD DISTRITAL DE MARIAS,.58822441,.16574517,.7811535,-.74856597,-1.5214863,.050228067,3,2,1
MUNICIPALIDAD DISTRITAL DE MARIATANA,MUNICIPALIDAD DISTRITAL DE MARIATANA,.97766,.1809516,.73511904,1.9565287,-1.4647806,-.30973682,3,2,1
MUNICIPALIDAD DISTRITAL DE MARISCAL BENAVIDES,MUNICIPALIDAD DISTRITAL DE MARISCAL BENAVIDES,.88210493,.067350425,.60703188,1.2927848,-1.8884069,-1.3113101,3,2,1
MUNICIPALIDAD DISTRITAL DE MARISCAL CACERES,MUNICIPALIDAD DISTRITAL DE MARISCAL CACERES,.79884428,.52327394,.91219097,.71444023,-.18823767,1.0748712,2,3,2
MUNICIPALIDAD DISTRITAL DE MARISCAL CASTILLA,MUNICIPALIDAD DISTRITAL DE MARISCAL CASTILLA,.6774509,.32916179,.63919413,-.1287816,-.91209483,-1.0598185,3,2,1
MUNICIPALIDAD DISTRITAL DE MARISCAL CÁCERES,MUNICIPALIDAD DISTRITAL DE MARISCAL CÁCERES,.78343308,.72312504,.6388889,.60739106,.55702037,-1.0622052,2,3,2
MUNICIPALIDAD DISTRITAL DE MARMOT,MUNICIPALIDAD DISTRITAL DE MARMOT,.6453566,.67966366,.77979797,-.35171479,.39495,.039628554,1,1,3
MUNICIPALIDAD DISTRITAL DE MASIN,MUNICIPALIDAD DISTRITAL DE MASIN,.45503041,.99524999,.95679009,-1.6737571,1.5717925,1.4236125,1,1,3
MUNICIPALIDAD DISTRITAL DE MASISEA,MUNICIPALIDAD DISTRITAL DE MASISEA,.59715575,.43530053,.7468785,-.68652713,-.51629639,-.21778411,3,2,1
MUNICIPALIDAD DISTRITAL DE MASMA,MUNICIPALIDAD DISTRITAL DE MASMA,.88616747,.37058151,.68650794,1.3210039,-.75763792,-.68984973,3,2,1
MUNICIPALIDAD DISTRITAL DE MASMA CHICCHE,MUNICIPALIDAD DISTRITAL DE MASMA CHICCHE,.80160481,.49883294,.69800574,.7336154,-.27937979,-.5999431,3,2,1
MUNICIPALIDAD DISTRITAL DE MATACOTO,MUNICIPALIDAD DISTRITAL DE MATACOTO,.61387765,.97722918,.94102561,-.57037359,1.5045917,1.3003427,1,1,3
MUNICIPALIDAD DISTRITAL DE MATAHUASI,MUNICIPALIDAD DISTRITAL DE MATAHUASI,.88067937,.95649827,.92419261,1.2828826,1.4272847,1.1687175,2,3,2
MUNICIPALIDAD DISTRITAL DE MATALAQUE,MUNICIPALIDAD DISTRITAL DE MATALAQUE,.52924162,.53491706,.78042328,-1.1582718,-.14481972,.044518162,1,1,3
MUNICIPALIDAD DISTRITAL DE MATAPALO,MUNICIPALIDAD DISTRITAL DE MATAPALO,.73975956,.58673507,.83938748,.3040264,.048413102,.50558668,2,3,2
MUNICIPALIDAD DISTRITAL DE MATARA,MUNICIPALIDAD DISTRITAL DE MATARA,.66384488,.20571065,.50793654,-.22329159,-1.3724524,-2.0861828,3,2,1
MUNICIPALIDAD DISTRITAL DE MATO,MUNICIPALIDAD DISTRITAL DE MATO,.63527381,.47696671,.73249298,-.42175174,-.36092043,-.33027121,3,2,1
MUNICIPALIDAD DISTRITAL DE MAZAMARI,MUNICIPALIDAD DISTRITAL DE MAZAMARI,.70102888,.6359446,.85193533,.034995638,.23191874,.60370415,2,3,2
MUNICIPALIDAD DISTRITAL DE MAZAN,MUNICIPALIDAD DISTRITAL DE MAZAN,.60114533,.99700201,.95996732,-.65881479,1.5783259,1.4484566,1,1,3
MUNICIPALIDAD DISTRITAL DE MAÑAZO,MUNICIPALIDAD DISTRITAL DE MAÑAZO,.86555427,.63715231,.67479229,1.1778207,.23642236,-.78145987,2,3,2
MUNICIPALIDAD DISTRITAL DE MEGANTONI,MUNICIPALIDAD DISTRITAL DE MEGANTONI,.69318384,.99903345,.99481702,-.019497549,1.5859013,1.7209628,2,3,3
MUNICIPALIDAD DISTRITAL DE MEJIA,MUNICIPALIDAD DISTRITAL DE MEJIA,.78154719,.55601406,.84236109,.59429127,-.066147588,.52883875,2,3,2
MUNICIPALIDAD DISTRITAL DE MI PERU,MUNICIPALIDAD DISTRITAL DE MI PERU,.68751937,.66234279,.79580367,-.058844034,.33035931,.16478455,2,3,2
MUNICIPALIDAD DISTRITAL DE MICAELA BASTIDAS,MUNICIPALIDAD DISTRITAL DE MICAELA BASTIDAS,.64647192,.82432753,.84932661,-.34396756,.93441123,.58330542,1,1,3
MUNICIPALIDAD DISTRITAL DE MIGUEL CHECA,MUNICIPALIDAD DISTRITAL DE MIGUEL CHECA,.59276581,.14785689,.60234213,-.71702051,-1.5881928,-1.3479815,3,2,1
MUNICIPALIDAD DISTRITAL DE MIGUEL IGLESIAS,MUNICIPALIDAD DISTRITAL DE MIGUEL IGLESIAS,.8605516,.10146256,.60692644,1.1430712,-1.7612004,-1.3121346,3,2,1
MUNICIPALIDAD DISTRITAL DE MILPUC,MUNICIPALIDAD DISTRITAL DE MILPUC,.99122697,.46655735,.46764347,2.0507674,-.3997376,-2.401253,3,2,1
MUNICIPALIDAD DISTRITAL DE MIRACOSTA,MUNICIPALIDAD DISTRITAL DE MIRACOSTA,.76612335,.71581638,.91149235,.48715436,.5297659,1.0694083,2,3,2
MUNICIPALIDAD DISTRITAL DE MIRAFLORES,MUNICIPALIDAD DISTRITAL DE MIRAFLORES,.56460941,.71998882,.80111486,-.91260034,.54532522,.20631523,1,1,3
MUNICIPALIDAD DISTRITAL DE MIRGAS,MUNICIPALIDAD DISTRITAL DE MIRGAS,.58564872,.36399382,.79126757,-.76645726,-.78220385,.12931472,3,2,1
MUNICIPALIDAD DISTRITAL DE MITO,MUNICIPALIDAD DISTRITAL DE MITO,.84851855,.42561996,.48327759,1.0594872,-.55239588,-2.2790027,3,2,1
MUNICIPALIDAD DISTRITAL DE MOCHE,MUNICIPALIDAD DISTRITAL DE MOCHE,.50755203,.60611159,.76920635,-1.3089318,.12066942,-.043192312,1,1,3
MUNICIPALIDAD DISTRITAL DE MOCHUMI,MUNICIPALIDAD DISTRITAL DE MOCHUMI,.59009165,.42832211,.71069646,-.73559576,-.54231942,-.5007084,3,2,1
MUNICIPALIDAD DISTRITAL DE MOLINO,MUNICIPALIDAD DISTRITAL DE MOLINO,.83576077,.45790249,.72303027,.9708693,-.43201217,-.4042646,3,2,1
MUNICIPALIDAD DISTRITAL DE MOLINOPAMPA,MUNICIPALIDAD DISTRITAL DE MOLINOPAMPA,.79297149,.047670655,.51785713,.67364669,-1.961794,-2.0086091,3,2,1
MUNICIPALIDAD DISTRITAL DE MOLINOS,MUNICIPALIDAD DISTRITAL DE MOLINOS,.62391019,.15761544,.67328042,-.50068569,-1.5518026,-.79328185,3,2,1
MUNICIPALIDAD DISTRITAL DE MOLLEBAMBA,MUNICIPALIDAD DISTRITAL DE MOLLEBAMBA,.64739436,.80923164,.91942722,-.33756009,.87811762,1.1314547,1,1,3
MUNICIPALIDAD DISTRITAL DE MOLLEBAYA,MUNICIPALIDAD DISTRITAL DE MOLLEBAYA,.82511014,.96403193,.8982684,.8968879,1.4553783,.96600407,2,3,2
MUNICIPALIDAD DISTRITAL DE MOLLEPAMPA,MUNICIPALIDAD DISTRITAL DE MOLLEPAMPA,.50505447,.80557001,.76942354,-1.3262804,.86446315,-.04149393,1,1,3
MUNICIPALIDAD DISTRITAL DE MOLLEPATA,MUNICIPALIDAD DISTRITAL DE MOLLEPATA,.83126116,.53101546,.88071817,.93961412,-.15936905,.8287707,2,3,2
MUNICIPALIDAD DISTRITAL DE MONOBAMBA,MUNICIPALIDAD DISTRITAL DE MONOBAMBA,.71590751,.8573432,.9530043,.13834547,1.0575289,1.3940096,2,3,2
MUNICIPALIDAD DISTRITAL DE MONSEFU,MUNICIPALIDAD DISTRITAL DE MONSEFU,.57179052,.68950957,.83799499,-.86271894,.43166608,.4946982,1,1,3
MUNICIPALIDAD DISTRITAL DE MONTERO,MUNICIPALIDAD DISTRITAL DE MONTERO,.72609073,.18146631,.74843436,.20908004,-1.4628611,-.20561811,3,2,1
MUNICIPALIDAD DISTRITAL DE MONTEVIDEO,MUNICIPALIDAD DISTRITAL DE MONTEVIDEO,.37887499,.1607212,.39947093,-2.2027473,-1.540221,-2.9343259,3,2,1
MUNICIPALIDAD DISTRITAL DE MONZON,MUNICIPALIDAD DISTRITAL DE MONZON,.71165848,.74026847,.56767023,.10883085,.62094939,-1.6190972,3,2,1
MUNICIPALIDAD DISTRITAL DE MORALES,MUNICIPALIDAD DISTRITAL DE MORALES,.84762156,.15127589,.67173374,1.0532566,-1.5754431,-.80537611,3,2,1
MUNICIPALIDAD DISTRITAL DE MORCOLLA,MUNICIPALIDAD DISTRITAL DE MORCOLLA,.54667902,.85692531,.79821289,-1.0371482,1.0559705,.18362336,1,1,3
MUNICIPALIDAD DISTRITAL DE MORO,MUNICIPALIDAD DISTRITAL DE MORO,.50692302,.62633556,.73430812,-1.3133011,.19608597,-.31607777,1,1,3
MUNICIPALIDAD DISTRITAL DE MOROCOCHA,MUNICIPALIDAD DISTRITAL DE MOROCOCHA,.54359919,.99124867,.98649752,-1.0585413,1.5568713,1.6559087,1,1,3
MUNICIPALIDAD DISTRITAL DE MORONA,MUNICIPALIDAD DISTRITAL DE MORONA,.69773269,.93393505,.9192872,.012099623,1.3431449,1.1303599,2,3,2
MUNICIPALIDAD DISTRITAL DE MORROPE,MUNICIPALIDAD DISTRITAL DE MORROPE,.39837962,.4953993,.74314266,-2.0672643,-.29218408,-.24699639,1,1,3
MUNICIPALIDAD DISTRITAL DE MORROPON,MUNICIPALIDAD DISTRITAL DE MORROPON,.64669538,.21396968,.69732141,-.34241536,-1.3416539,-.60529411,3,2,1
MUNICIPALIDAD DISTRITAL DE MOSOC LLACTA,MUNICIPALIDAD DISTRITAL DE MOSOC LLACTA,.86412263,.91352999,.90954417,1.1678762,1.2670531,1.0541745,2,3,2
MUNICIPALIDAD DISTRITAL DE MOTUPE,MUNICIPALIDAD DISTRITAL DE MOTUPE,.56206411,.60168284,.8582238,-.93028045,.10415434,.65287668,1,1,3
MUNICIPALIDAD DISTRITAL DE MOYA,MUNICIPALIDAD DISTRITAL DE MOYA,.64679682,.56912732,.80000001,-.34171072,-.017247368,.19759773,1,1,3
MUNICIPALIDAD DISTRITAL DE MUQUI,MUNICIPALIDAD DISTRITAL DE MUQUI,.66511905,.20859686,.55833334,-.21444097,-1.3616894,-1.6921067,3,2,1
MUNICIPALIDAD DISTRITAL DE MUQUIYAUYO,MUNICIPALIDAD DISTRITAL DE MUQUIYAUYO,.77053428,.40439087,.85462964,.51779348,-.63156056,.62477225,2,3,2
MUNICIPALIDAD DISTRITAL DE MUSGA,MUNICIPALIDAD DISTRITAL DE MUSGA,.55000037,.73470479,.8607226,-1.0140775,.60020208,.67241597,1,1,3
MUNICIPALIDAD DISTRITAL DE MUÑANI,MUNICIPALIDAD DISTRITAL DE MUÑANI,.72288793,.77753955,.82038623,.1868328,.75993574,.35700709,2,3,2
MUNICIPALIDAD DISTRITAL DE NAMBALLE,MUNICIPALIDAD DISTRITAL DE NAMBALLE,.72339886,.38573307,.70349652,.19038184,-.70113677,-.55700809,3,2,1
MUNICIPALIDAD DISTRITAL DE NAMORA,MUNICIPALIDAD DISTRITAL DE NAMORA,.71954143,.22892028,.58055556,.16358736,-1.2859021,-1.5183408,3,2,1
MUNICIPALIDAD DISTRITAL DE NANCHOC,MUNICIPALIDAD DISTRITAL DE NANCHOC,.50605571,.058218762,.77678573,-1.3193256,-1.9224595,.016074445,3,2,1
MUNICIPALIDAD DISTRITAL DE NAPO,MUNICIPALIDAD DISTRITAL DE NAPO,.74834609,.58751035,.86814612,.36367008,.051304162,.73046392,2,3,2
MUNICIPALIDAD DISTRITAL DE NAVAN,MUNICIPALIDAD DISTRITAL DE NAVAN,.80786002,.58039367,.72222221,.77706528,.024765605,-.4105832,2,3,2
MUNICIPALIDAD DISTRITAL DE NEPEÑA,MUNICIPALIDAD DISTRITAL DE NEPEÑA,.75764501,.30779976,.83152175,.42826217,-.99175525,.44408089,3,2,1
MUNICIPALIDAD DISTRITAL DE NESHUYA,MUNICIPALIDAD DISTRITAL DE NESHUYA,.69582021,.16751777,.62202382,-.0011847948,-1.5148761,-1.1940811,3,2,1
MUNICIPALIDAD DISTRITAL DE NICASIO,MUNICIPALIDAD DISTRITAL DE NICASIO,.83898908,.66751486,.64999998,.9932937,.34964633,-.97532248,2,3,2
MUNICIPALIDAD DISTRITAL DE NICOLAS DE PIEROLA,MUNICIPALIDAD DISTRITAL DE NICOLAS DE PIEROLA,.8539694,.42098045,.87238914,1.0973499,-.5696969,.76364207,2,3,2
MUNICIPALIDAD DISTRITAL DE NIEPOS,MUNICIPALIDAD DISTRITAL DE NIEPOS,.71034002,.15040359,.65806878,.099672608,-1.578696,-.91222882,3,2,1
MUNICIPALIDAD DISTRITAL DE NINABAMBA,MUNICIPALIDAD DISTRITAL DE NINABAMBA,.66329139,.32077166,.80492061,-.22713622,-.94338214,.23607421,3,2,1
MUNICIPALIDAD DISTRITAL DE NINACACA,MUNICIPALIDAD DISTRITAL DE NINACACA,.52804023,.84199768,.85042018,-1.1666169,1.0003043,.59185654,1,1,3
MUNICIPALIDAD DISTRITAL DE NUEVA ARICA,MUNICIPALIDAD DISTRITAL DE NUEVA ARICA,.47532138,.47271594,.64920634,-1.5328121,-.37677181,-.98152834,3,2,1
MUNICIPALIDAD DISTRITAL DE NUEVA CAJAMARCA,MUNICIPALIDAD DISTRITAL DE NUEVA CAJAMARCA,.6663059,.17697582,.85300928,-.20619689,-1.4796065,.61210197,3,2,1
MUNICIPALIDAD DISTRITAL DE NUEVA REQUENA,MUNICIPALIDAD DISTRITAL DE NUEVA REQUENA,.57231832,.64266253,.85576922,-.85905278,.25697032,.63368315,1,1,3
MUNICIPALIDAD DISTRITAL DE NUEVE DE JULIO,MUNICIPALIDAD DISTRITAL DE NUEVE DE JULIO,.84635156,.62881225,.82982457,1.044435,.20532173,.43080983,2,3,2
MUNICIPALIDAD DISTRITAL DE NUEVO CHIMBOTE,MUNICIPALIDAD DISTRITAL DE NUEVO CHIMBOTE,.63653409,.88599634,.90224975,-.41299757,1.1643783,.99713618,1,1,3
MUNICIPALIDAD DISTRITAL DE NUEVO IMPERIAL,MUNICIPALIDAD DISTRITAL DE NUEVO IMPERIAL,.66151386,.74162537,.91842186,-.2394833,.62600935,1.1235934,1,1,3
MUNICIPALIDAD DISTRITAL DE NUEVO OCCORO,MUNICIPALIDAD DISTRITAL DE NUEVO OCCORO,.76931137,.73884225,.88752425,.50929892,.61563092,.88199055,2,3,2
MUNICIPALIDAD DISTRITAL DE NUEVO PROGRESO,MUNICIPALIDAD DISTRITAL DE NUEVO PROGRESO,.72150534,.70037562,.73015875,.17722908,.47218627,-.34852371,2,3,2
MUNICIPALIDAD DISTRITAL DE NUÑOA,MUNICIPALIDAD DISTRITAL DE NUÑOA,.89097399,.93327862,.82287931,1.3543909,1.3406971,.37650168,2,3,2
MUNICIPALIDAD DISTRITAL DE OBAS,MUNICIPALIDAD DISTRITAL DE OBAS,.67493832,.63899517,.81891024,-.14623444,.24329449,.34546563,1,1,3
MUNICIPALIDAD DISTRITAL DE OCALLI,MUNICIPALIDAD DISTRITAL DE OCALLI,.78381604,.3894909,.76809764,.61005116,-.68712354,-.0518618,3,2,1
MUNICIPALIDAD DISTRITAL DE OCAÑA,MUNICIPALIDAD DISTRITAL DE OCAÑA,.24842763,.77635419,.6600064,-3.1088598,.75551546,-.89707756,1,1,3
MUNICIPALIDAD DISTRITAL DE OCOBAMBA,MUNICIPALIDAD DISTRITAL DE OCOBAMBA,.75535995,.65397477,.85051137,.41238967,.29915443,.59256959,2,3,2
MUNICIPALIDAD DISTRITAL DE OCONGATE,MUNICIPALIDAD DISTRITAL DE OCONGATE,.93671125,.92990482,.93352872,1.6720908,1.3281159,1.241721,2,3,2
MUNICIPALIDAD DISTRITAL DE OCORURO,MUNICIPALIDAD DISTRITAL DE OCORURO,.91635102,.44440907,.81438494,1.5306647,-.48233002,.31008017,2,3,2
MUNICIPALIDAD DISTRITAL DE OCOYO,MUNICIPALIDAD DISTRITAL DE OCOYO,.81979376,.34410143,.70636201,.85995936,-.85638392,-.53460151,3,2,1
MUNICIPALIDAD DISTRITAL DE OCOÑA,MUNICIPALIDAD DISTRITAL DE OCOÑA,.79826587,.15235095,.82569236,.71042252,-1.5714343,.39849815,3,2,1
MUNICIPALIDAD DISTRITAL DE OCROS,MUNICIPALIDAD DISTRITAL DE OCROS,.55509996,.34071621,.57319379,-.97865474,-.86900759,-1.5759059,3,2,1
MUNICIPALIDAD DISTRITAL DE OCUCAJE,MUNICIPALIDAD DISTRITAL DE OCUCAJE,.68269014,.87313718,.84153384,-.092388779,1.1164256,.5223701,2,3,3
MUNICIPALIDAD DISTRITAL DE OCUMAL,MUNICIPALIDAD DISTRITAL DE OCUMAL,.78494537,.67127144,.84226191,.61789572,.36365488,.52806324,2,3,2
MUNICIPALIDAD DISTRITAL DE OCUVIRI,MUNICIPALIDAD DISTRITAL DE OCUVIRI,.68305737,.68768108,.70429438,-.089837968,.42484748,-.55076921,2,3,2
MUNICIPALIDAD DISTRITAL DE OLLACHEA,MUNICIPALIDAD DISTRITAL DE OLLACHEA,.69304192,.80724728,.88742369,-.020483345,.87071782,.88120431,2,3,2
MUNICIPALIDAD DISTRITAL DE OLLANTAYTAMBO,MUNICIPALIDAD DISTRITAL DE OLLANTAYTAMBO,.88380736,.73981857,.90577823,1.3046101,.6192717,1.024727,2,3,2
MUNICIPALIDAD DISTRITAL DE OLLARAYA,MUNICIPALIDAD DISTRITAL DE OLLARAYA,.81892389,.7532627,.69015151,.85391706,.6694057,-.66135889,2,3,2
MUNICIPALIDAD DISTRITAL DE OLLEROS,MUNICIPALIDAD DISTRITAL DE OLLEROS,.67145491,.40459323,.80648148,-.1704309,-.63080597,.24827936,3,2,1
MUNICIPALIDAD DISTRITAL DE OLMOS,MUNICIPALIDAD DISTRITAL DE OLMOS,.46655729,.69031036,.8399545,-1.5936892,.43465227,.51002049,1,1,3
MUNICIPALIDAD DISTRITAL DE OMACHA,MUNICIPALIDAD DISTRITAL DE OMACHA,.76591831,.75608057,.88575447,.48573011,.67991376,.86815178,2,3,2
MUNICIPALIDAD DISTRITAL DE OMAS,MUNICIPALIDAD DISTRITAL DE OMAS,.71287906,.40721264,.79166669,.11730926,-.62103796,.13243558,3,2,1
MUNICIPALIDAD DISTRITAL DE OMIA,MUNICIPALIDAD DISTRITAL DE OMIA,.48171592,.67759633,.78296298,-1.4883945,.3872408,.064377218,1,1,3
MUNICIPALIDAD DISTRITAL DE ONDORES,MUNICIPALIDAD DISTRITAL DE ONDORES,.5683108,.88123006,.80555558,-.88688976,1.1466045,.24103932,1,1,3
MUNICIPALIDAD DISTRITAL DE ONGON,MUNICIPALIDAD DISTRITAL DE ONGON,.8976965,.96665579,.95549107,1.4010867,1.4651628,1.4134548,2,3,2
MUNICIPALIDAD DISTRITAL DE ONGOY,MUNICIPALIDAD DISTRITAL DE ONGOY,.57426971,.92186439,.89629632,-.84549797,1.2981327,.95058352,1,1,3
MUNICIPALIDAD DISTRITAL DE ORCOPAMPA,MUNICIPALIDAD DISTRITAL DE ORCOPAMPA,.64693952,.60822427,.86925632,-.34071952,.12854777,.7391451,1,1,3
MUNICIPALIDAD DISTRITAL DE ORCOTUNA,MUNICIPALIDAD DISTRITAL DE ORCOTUNA,.7778306,.76086378,.90190476,.56847519,.69775069,.99443853,2,3,2
MUNICIPALIDAD DISTRITAL DE ORONCCOY,MUNICIPALIDAD DISTRITAL DE ORONCCOY,.52189553,.4000929,.68441558,-1.2092992,-.64758801,-.70621085,3,2,1
MUNICIPALIDAD DISTRITAL DE OROPESA,MUNICIPALIDAD DISTRITAL DE OROPESA,.82660651,.89619356,.94667369,.90728205,1.2024045,1.3445077,2,3,2
MUNICIPALIDAD DISTRITAL DE ORURILLO,MUNICIPALIDAD DISTRITAL DE ORURILLO,.73705178,.34796473,.7128427,.28521764,-.84197742,-.48392591,3,2,1
MUNICIPALIDAD DISTRITAL DE OTOCA,MUNICIPALIDAD DISTRITAL DE OTOCA,.54897434,.75418127,.63499177,-1.0212046,.67283112,-1.0926787,1,1,3
MUNICIPALIDAD DISTRITAL DE OXAMARCA,MUNICIPALIDAD DISTRITAL DE OXAMARCA,.8631978,.23379987,.46049786,1.1614522,-1.2677058,-2.457128,3,2,1
MUNICIPALIDAD DISTRITAL DE OYOLO,MUNICIPALIDAD DISTRITAL DE OYOLO,.68390793,.86174208,.85296297,-.083929829,1.0739325,.61173981,2,3,3
MUNICIPALIDAD DISTRITAL DE OYOTUN,MUNICIPALIDAD DISTRITAL DE OYOTUN,.33617669,.55435401,.6854257,-2.4993379,-.072338022,-.69831228,1,1,3
MUNICIPALIDAD DISTRITAL DE PACA,MUNICIPALIDAD DISTRITAL DE PACA,.81074131,.58641547,.76458019,.79707927,.047221292,-.079366371,2,3,2
MUNICIPALIDAD DISTRITAL DE PACAICASA,MUNICIPALIDAD DISTRITAL DE PACAICASA,.55610138,.57304585,.64545453,-.9716987,-.0026349127,-1.0108654,3,2,1
MUNICIPALIDAD DISTRITAL DE PACAIPAMPA,MUNICIPALIDAD DISTRITAL DE PACAIPAMPA,.79436165,.28050855,.76810879,.683303,-1.093526,-.051774643,3,2,1
MUNICIPALIDAD DISTRITAL DE PACANGA,MUNICIPALIDAD DISTRITAL DE PACANGA,.71404952,.15508661,.7292642,.12543948,-1.5612328,-.35551858,3,2,1
MUNICIPALIDAD DISTRITAL DE PACAPAUSA,MUNICIPALIDAD DISTRITAL DE PACAPAUSA,.49362069,.84590733,.89417988,-1.4057016,1.0148838,.93403405,1,1,3
MUNICIPALIDAD DISTRITAL DE PACARAN,MUNICIPALIDAD DISTRITAL DE PACARAN,.64869332,.39995816,.74011546,-.32853726,-.64809042,-.27066749,3,2,1
MUNICIPALIDAD DISTRITAL DE PACARAOS,MUNICIPALIDAD DISTRITAL DE PACARAOS,.65495294,.56962472,.83664024,-.28505671,-.015392526,.48410475,1,1,3
MUNICIPALIDAD DISTRITAL DE PACASMAYO,MUNICIPALIDAD DISTRITAL DE PACASMAYO,.45021296,.5352667,.88129079,-1.7072201,-.14351588,.83324826,1,1,3
MUNICIPALIDAD DISTRITAL DE PACCARITAMBO,MUNICIPALIDAD DISTRITAL DE PACCARITAMBO,.80589461,.62929118,.72167832,.76341319,.20710766,-.41483614,2,3,2
MUNICIPALIDAD DISTRITAL DE PACCHA,MUNICIPALIDAD DISTRITAL DE PACCHA,.68289107,.28815126,.72712857,-.090993099,-1.0650258,-.3722181,3,2,1
MUNICIPALIDAD DISTRITAL DE PACCHO,MUNICIPALIDAD DISTRITAL DE PACCHO,.92510927,.74843127,.89669269,1.5915011,.651389,.9536829,2,3,2
MUNICIPALIDAD DISTRITAL DE PACHACAMAC,MUNICIPALIDAD DISTRITAL DE PACHACAMAC,.37053224,.80836821,.75276911,-2.2606976,.87489784,-.1717227,1,1,3
MUNICIPALIDAD DISTRITAL DE PACHACONAS,MUNICIPALIDAD DISTRITAL DE PACHACONAS,.82756144,.77733946,.81489897,.91391516,.75918955,.31409961,2,3,2
MUNICIPALIDAD DISTRITAL DE PACHACUTEC,MUNICIPALIDAD DISTRITAL DE PACHACUTEC,.65823919,.90807062,.87463075,-.26222983,1.2466948,.78117025,1,1,3
MUNICIPALIDAD DISTRITAL DE PACHAMARCA,MUNICIPALIDAD DISTRITAL DE PACHAMARCA,.65130973,.79941195,.83318138,-.31036317,.84149939,.45705834,1,1,3
MUNICIPALIDAD DISTRITAL DE PACHANGARA,MUNICIPALIDAD DISTRITAL DE PACHANGARA,.59792888,.75348431,.8524825,-.68115681,.67023212,.60798275,1,1,3
MUNICIPALIDAD DISTRITAL DE PACHAS,MUNICIPALIDAD DISTRITAL DE PACHAS,.67836624,.22387387,.78327924,-.12242343,-1.3047205,.066850215,3,2,1
MUNICIPALIDAD DISTRITAL DE PACHIA,MUNICIPALIDAD DISTRITAL DE PACHIA,.66234696,.56513691,.89450413,-.23369646,-.03212788,.93656951,1,1,3
MUNICIPALIDAD DISTRITAL DE PACHIZA,MUNICIPALIDAD DISTRITAL DE PACHIZA,.91349715,.61439079,.69963878,1.5108411,.15154313,-.58717352,2,3,2
MUNICIPALIDAD DISTRITAL DE PACLLON,MUNICIPALIDAD DISTRITAL DE PACLLON,.60416406,.97512579,.9285714,-.63784605,1.496748,1.2029574,1,1,3
MUNICIPALIDAD DISTRITAL DE PACOBAMBA,MUNICIPALIDAD DISTRITAL DE PACOBAMBA,.71102625,.35775313,.84784484,.10443928,-.80547583,.57171875,3,2,1
MUNICIPALIDAD DISTRITAL DE PACOCHA,MUNICIPALIDAD DISTRITAL DE PACOCHA,.89556676,.45780563,.75036079,1.3862932,-.43237334,-.19055451,2,3,2
MUNICIPALIDAD DISTRITAL DE PACORA,MUNICIPALIDAD DISTRITAL DE PACORA,.46430433,.44700056,.48110232,-1.6093388,-.47266617,-2.2960122,3,2,1
MUNICIPALIDAD DISTRITAL DE PACUCHA,MUNICIPALIDAD DISTRITAL DE PACUCHA,.67715031,.68346852,.81149572,-.13086954,.40913859,.28748804,1,1,3
MUNICIPALIDAD DISTRITAL DE PADRE MARQUEZ,MUNICIPALIDAD DISTRITAL DE PADRE MARQUEZ,.79386306,.59855139,.73888886,.67983967,.092476957,-.28025886,2,3,2
MUNICIPALIDAD DISTRITAL DE PAICO,MUNICIPALIDAD DISTRITAL DE PAICO,.44938233,.9228574,.7005291,-1.7129898,1.3018357,-.58021176,1,1,3
MUNICIPALIDAD DISTRITAL DE PAIJAN,MUNICIPALIDAD DISTRITAL DE PAIJAN,.70088512,.6280508,.77794808,.03399701,.20248222,.025163403,2,3,2
MUNICIPALIDAD DISTRITAL DE PAIMAS,MUNICIPALIDAD DISTRITAL DE PAIMAS,.74008423,.16505761,.71752298,.3062816,-1.5240502,-.44732866,3,2,1
MUNICIPALIDAD DISTRITAL DE PAJARILLO,MUNICIPALIDAD DISTRITAL DE PAJARILLO,.71922481,.80279595,.80335575,.16138805,.85411853,.22383784,2,3,2
MUNICIPALIDAD DISTRITAL DE PALCA,MUNICIPALIDAD DISTRITAL DE PALCA,.71085805,.65983915,.76663864,.1032709,.32102311,-.06327042,2,3,2
MUNICIPALIDAD DISTRITAL DE PALCAMAYO,MUNICIPALIDAD DISTRITAL DE PALCAMAYO,.79596817,.95439112,.9074074,.69446224,1.419427,1.0374662,2,3,2
MUNICIPALIDAD DISTRITAL DE PALCAZU,MUNICIPALIDAD DISTRITAL DE PALCAZU,.68498182,.30741861,.64646465,-.076470338,-.99317658,-1.0029669,3,2,1
MUNICIPALIDAD DISTRITAL DE PALLANCHACRA,MUNICIPALIDAD DISTRITAL DE PALLANCHACRA,.63673002,.77181518,.92982459,-.41163668,.73858917,1.2127566,1,1,3
MUNICIPALIDAD DISTRITAL DE PALLASCA,MUNICIPALIDAD DISTRITAL DE PALLASCA,.89743,.38888925,.84757239,1.3992356,-.68936712,.5695883,2,3,2
MUNICIPALIDAD DISTRITAL DE PALLPATA,MUNICIPALIDAD DISTRITAL DE PALLPATA,.89282811,.80025846,.93511409,1.36727,.84465605,1.2541177,2,3,2
MUNICIPALIDAD DISTRITAL DE PAMPA HERMOZA,MUNICIPALIDAD DISTRITAL DE PAMPA HERMOZA,.58783907,.9017821,.91666669,-.75124264,1.2232444,1.1098689,1,1,3
MUNICIPALIDAD DISTRITAL DE PAMPACHIRI,MUNICIPALIDAD DISTRITAL DE PAMPACHIRI,.61957759,.19850394,.719697,-.53078073,-1.3993267,-.43032899,3,2,1
MUNICIPALIDAD DISTRITAL DE PAMPACOLCA,MUNICIPALIDAD DISTRITAL DE PAMPACOLCA,.77228522,.39498124,.72527474,.52995592,-.6666497,-.38671401,3,2,1
MUNICIPALIDAD DISTRITAL DE PAMPAMARCA,MUNICIPALIDAD DISTRITAL DE PAMPAMARCA,.78329879,.4078398,.77768785,.60645825,-.61869925,.023128513,3,2,1
MUNICIPALIDAD DISTRITAL DE PAMPAROMAS,MUNICIPALIDAD DISTRITAL DE PAMPAROMAS,.55126375,.3642745,.79599565,-1.0053018,-.7811572,.16628578,1,1,3
MUNICIPALIDAD DISTRITAL DE PAMPAS,MUNICIPALIDAD DISTRITAL DE PAMPAS,.6946587,.42486313,.83014137,-.0092529068,-.55521816,.43328702,2,3,2
MUNICIPALIDAD DISTRITAL DE PAMPAS CHICO,MUNICIPALIDAD DISTRITAL DE PAMPAS CHICO,.63399404,.65941453,.81307191,-.43064126,.31943965,.29981297,1,1,3
MUNICIPALIDAD DISTRITAL DE PAMPAS DE HOSPITAL,MUNICIPALIDAD DISTRITAL DE PAMPAS DE HOSPITAL,.60166156,.5386548,.82015115,-.65522891,-.13088141,.35516888,1,1,3
MUNICIPALIDAD DISTRITAL DE PANCAN,MUNICIPALIDAD DISTRITAL DE PANCAN,.7270329,.20118894,.70760232,.21562454,-1.3893142,-.52490288,3,2,1
MUNICIPALIDAD DISTRITAL DE PANGOA,MUNICIPALIDAD DISTRITAL DE PANGOA,.78639567,.52622879,.77118438,.6279698,-.17721887,-.027725097,2,3,2
MUNICIPALIDAD DISTRITAL DE PAPAPLAYA,MUNICIPALIDAD DISTRITAL DE PAPAPLAYA,.99003148,.62769985,.73409092,2.0424633,.2011735,-.31777617,2,3,2
MUNICIPALIDAD DISTRITAL DE PAPAYAL,MUNICIPALIDAD DISTRITAL DE PAPAYAL,.49842408,.74323672,.89009041,-1.3723364,.63201821,.90205652,1,1,3
MUNICIPALIDAD DISTRITAL DE PARACAS,MUNICIPALIDAD DISTRITAL DE PARACAS,.64229935,.99900866,.97775304,-.37295097,1.5858088,1.5875316,1,1,3
MUNICIPALIDAD DISTRITAL DE PARAMONGA,MUNICIPALIDAD DISTRITAL DE PARAMONGA,.70596957,.59855402,.715415,.069314614,.092486739,-.46381193,3,2,1
MUNICIPALIDAD DISTRITAL DE PARANDAY,MUNICIPALIDAD DISTRITAL DE PARANDAY,.95837796,.48456371,.72619045,1.8225919,-.33259073,-.37955368,2,3,2
MUNICIPALIDAD DISTRITAL DE PARARCA,MUNICIPALIDAD DISTRITAL DE PARARCA,.76389009,.37515104,.76434678,.47164166,-.74059784,-.081191532,3,2,1
MUNICIPALIDAD DISTRITAL DE PARARIN,MUNICIPALIDAD DISTRITAL DE PARARIN,.67408043,.69732797,.8814286,-.1521935,.46082139,.83432585,1,1,3
MUNICIPALIDAD DISTRITAL DE PARAS,MUNICIPALIDAD DISTRITAL DE PARAS,.57384413,.61498415,.68109667,-.84845412,.15375581,-.73216295,1,1,3
MUNICIPALIDAD DISTRITAL DE PARATIA,MUNICIPALIDAD DISTRITAL DE PARATIA,.81226373,.32686916,.69449115,.80765426,-.92064416,-.62742531,3,2,1
MUNICIPALIDAD DISTRITAL DE PARCO,MUNICIPALIDAD DISTRITAL DE PARCO,.81607735,.27170187,.70435119,.83414447,-1.1263667,-.55032504,3,2,1
MUNICIPALIDAD DISTRITAL DE PARCONA,MUNICIPALIDAD DISTRITAL DE PARCONA,.6479429,.88917261,.93571192,-.33374983,1.1762228,1.2587924,1,1,3
MUNICIPALIDAD DISTRITAL DE PARCOY,MUNICIPALIDAD DISTRITAL DE PARCOY,.68434638,.91283906,.95315194,-.080884263,1.2644765,1.3951641,2,3,3
MUNICIPALIDAD DISTRITAL DE PARDO MIGUEL,MUNICIPALIDAD DISTRITAL DE PARDO MIGUEL,.88596547,.32660216,.80348837,1.3196008,-.92163986,.22487485,2,3,2
MUNICIPALIDAD DISTRITAL DE PARIACOTO,MUNICIPALIDAD DISTRITAL DE PARIACOTO,.54635209,.83337098,.86549783,-1.0394192,.96813488,.70975572,1,1,3
MUNICIPALIDAD DISTRITAL DE PARIAHUANCA,MUNICIPALIDAD DISTRITAL DE PARIAHUANCA,.77483809,.57686281,.85443461,.5476886,.011598794,.62324727,2,3,2
MUNICIPALIDAD DISTRITAL DE PARINARI,MUNICIPALIDAD DISTRITAL DE PARINARI,.58096874,.73184067,.70634919,-.79896528,.58952153,-.5347017,1,1,3
MUNICIPALIDAD DISTRITAL DE PAROBAMBA,MUNICIPALIDAD DISTRITAL DE PAROBAMBA,.60632247,.59967113,.78392661,-.6228534,.096652515,.071912274,1,1,3
MUNICIPALIDAD DISTRITAL DE PASTAZA,MUNICIPALIDAD DISTRITAL DE PASTAZA,.6412037,.93583643,.82886904,-.38056159,1.3502353,.42333817,1,1,3
MUNICIPALIDAD DISTRITAL DE PATAMBUCO,MUNICIPALIDAD DISTRITAL DE PATAMBUCO,.64348572,.93984538,.87622547,-.36471021,1.365185,.79364014,1,1,3
MUNICIPALIDAD DISTRITAL DE PATAPO,MUNICIPALIDAD DISTRITAL DE PATAPO,.50499761,.37346658,.65971535,-1.3266753,-.74687928,-.89935344,3,2,1
MUNICIPALIDAD DISTRITAL DE PATAYPAMPA,MUNICIPALIDAD DISTRITAL DE PATAYPAMPA,.54481196,.8294729,.88847119,-1.0501171,.95359862,.88939512,1,1,3
MUNICIPALIDAD DISTRITAL DE PATAZ,MUNICIPALIDAD DISTRITAL DE PATAZ,.53249639,.8271758,.94080228,-1.1356635,.9450326,1.2985963,1,1,3
MUNICIPALIDAD DISTRITAL DE PATIBAMBA,MUNICIPALIDAD DISTRITAL DE PATIBAMBA,.57130867,.68284303,.75378788,-.86606592,.40680608,-.16375652,1,1,3
MUNICIPALIDAD DISTRITAL DE PATIVILCA,MUNICIPALIDAD DISTRITAL DE PATIVILCA,.68763316,.91946614,.87945771,-.058053661,1.2891895,.81891453,2,3,3
MUNICIPALIDAD DISTRITAL DE PAUCAR,MUNICIPALIDAD DISTRITAL DE PAUCAR,.92173243,.51443571,.63915348,1.5680449,-.22119604,-1.0601363,3,2,1
MUNICIPALIDAD DISTRITAL DE PAUCARA,MUNICIPALIDAD DISTRITAL DE PAUCARA,.88701046,.48543528,.76558954,1.3268595,-.32934058,-.071473837,2,3,2
MUNICIPALIDAD DISTRITAL DE PAUCARBAMBA,MUNICIPALIDAD DISTRITAL DE PAUCARBAMBA,.87586075,.55290413,.74539512,1.2494115,-.07774473,-.22938335,2,3,2
MUNICIPALIDAD DISTRITAL DE PAUCARCOLLA,MUNICIPALIDAD DISTRITAL DE PAUCARCOLLA,.80239385,.78598285,.8646909,.73909622,.79142135,.70344597,2,3,2
MUNICIPALIDAD DISTRITAL DE PAUCARPATA,MUNICIPALIDAD DISTRITAL DE PAUCARPATA,.70717525,.93046099,.94667232,.077689514,1.3301899,1.344497,2,3,2
MUNICIPALIDAD DISTRITAL DE PAUCARTAMBO,MUNICIPALIDAD DISTRITAL DE PAUCARTAMBO,.62070525,.11937704,.60865241,-.52294779,-1.6943961,-1.2986383,3,2,1
MUNICIPALIDAD DISTRITAL DE PAUCAS,MUNICIPALIDAD DISTRITAL DE PAUCAS,.68651915,.9923352,.97777778,-.065791793,1.560923,1.587725,2,3,3
MUNICIPALIDAD DISTRITAL DE PAZOS,MUNICIPALIDAD DISTRITAL DE PAZOS,.83674598,.19801348,.78784907,.97771269,-1.4011556,.10258384,3,2,1
MUNICIPALIDAD DISTRITAL DE PEDRO VILCA APAZA,MUNICIPALIDAD DISTRITAL DE PEDRO VILCA APAZA,.77408278,.61585128,.75933427,.54244208,.1569894,-.1203867,2,3,2
MUNICIPALIDAD DISTRITAL DE PERENE,MUNICIPALIDAD DISTRITAL DE PERENE,.83801311,.7929576,.83029687,.98651445,.81743068,.43450302,2,3,2
MUNICIPALIDAD DISTRITAL DE PHARA,MUNICIPALIDAD DISTRITAL DE PHARA,.83159101,.73100352,.80761802,.94190532,.58639979,.2571665,2,3,2
MUNICIPALIDAD DISTRITAL DE PIAS,MUNICIPALIDAD DISTRITAL DE PIAS,.53213167,.31661874,.77275687,-1.1381969,-.95886868,-.015429066,3,2,1
MUNICIPALIDAD DISTRITAL DE PICHACANI,MUNICIPALIDAD DISTRITAL DE PICHACANI,.87817079,.64263618,.91949832,1.2654574,.25687206,1.1320108,2,3,2
MUNICIPALIDAD DISTRITAL DE PICHANAQUI,MUNICIPALIDAD DISTRITAL DE PICHANAQUI,.64529759,.51124007,.8540836,-.35212469,-.2331128,.62050253,1,1,3
MUNICIPALIDAD DISTRITAL DE PICHARI,MUNICIPALIDAD DISTRITAL DE PICHARI,.83330446,.94324219,.96080506,.95380729,1.377852,1.4550074,2,3,2
MUNICIPALIDAD DISTRITAL DE PICHIGUA,MUNICIPALIDAD DISTRITAL DE PICHIGUA,.88066632,.56200475,.77534986,1.2827919,-.043807928,.0048466614,2,3,2
MUNICIPALIDAD DISTRITAL DE PICHIRHUA,MUNICIPALIDAD DISTRITAL DE PICHIRHUA,.82305425,.88376433,.77404296,.88260734,1.156055,-.0053725326,2,3,2
MUNICIPALIDAD DISTRITAL DE PICHOS,MUNICIPALIDAD DISTRITAL DE PICHOS,.54845899,.41734287,.73496133,-1.0247842,-.58326167,-.31097004,3,2,1
MUNICIPALIDAD DISTRITAL DE PICSI,MUNICIPALIDAD DISTRITAL DE PICSI,.62279701,.36943081,.62838471,-.50841802,-.76192898,-1.1443423,3,2,1
MUNICIPALIDAD DISTRITAL DE PILCHACA,MUNICIPALIDAD DISTRITAL DE PILCHACA,.62308383,.47585833,.625,-.50642574,-.36505365,-1.170809,3,2,1
MUNICIPALIDAD DISTRITAL DE PILCOMAYO,MUNICIPALIDAD DISTRITAL DE PILCOMAYO,.68635321,.36586252,.85602349,-.066944443,-.77523535,.63567144,3,2,1
MUNICIPALIDAD DISTRITAL DE PILCUYO,MUNICIPALIDAD DISTRITAL DE PILCUYO,.80417323,.79866123,.8396979,.75145614,.83869988,.50801402,2,3,2
MUNICIPALIDAD DISTRITAL DE PILLCO MARCA,MUNICIPALIDAD DISTRITAL DE PILLCO MARCA,.6044274,.57484269,.89588821,-.63601691,.0040656296,.94739228,1,1,3
MUNICIPALIDAD DISTRITAL DE PILLPINTO,MUNICIPALIDAD DISTRITAL DE PILLPINTO,.92559373,.77511406,.67878789,1.5948664,.75089091,-.75021642,2,3,2
MUNICIPALIDAD DISTRITAL DE PILLUANA,MUNICIPALIDAD DISTRITAL DE PILLUANA,.24742241,.48674375,.54166669,-3.1158423,-.32446119,-1.822431,1,1,1
MUNICIPALIDAD DISTRITAL DE PILPICHACA,MUNICIPALIDAD DISTRITAL DE PILPICHACA,.74718672,.89504331,.84086764,.35561687,1.1981151,.51716077,2,3,2
MUNICIPALIDAD DISTRITAL DE PIMENTEL,MUNICIPALIDAD DISTRITAL DE PIMENTEL,.71254379,.21347371,.73275656,.11498036,-1.3435034,-.3282102,3,2,1
MUNICIPALIDAD DISTRITAL DE PIMPINGOS,MUNICIPALIDAD DISTRITAL DE PIMPINGOS,.73997241,.66901821,.81313133,.30550489,.35525241,.30027765,2,3,2
MUNICIPALIDAD DISTRITAL DE PINRA,MUNICIPALIDAD DISTRITAL DE PINRA,.64466739,.68869168,.92424244,-.35650218,.42861608,1.1691072,1,1,3
MUNICIPALIDAD DISTRITAL DE PINTO RECODO,MUNICIPALIDAD DISTRITAL DE PINTO RECODO,.7413941,.61386943,.67261207,.31538022,.14959893,-.79850799,3,2,1
MUNICIPALIDAD DISTRITAL DE PION,MUNICIPALIDAD DISTRITAL DE PION,.64391309,.59106821,.46666667,-.36174166,.064571664,-2.4088912,3,2,1
MUNICIPALIDAD DISTRITAL DE PIRA,MUNICIPALIDAD DISTRITAL DE PIRA,.77205032,.69511777,.78614718,.52832425,.45257941,.089275956,2,3,2
MUNICIPALIDAD DISTRITAL DE PISAC,MUNICIPALIDAD DISTRITAL DE PISAC,.87231946,.8303721,.82462585,1.224813,.9569518,.39015865,2,3,2
MUNICIPALIDAD DISTRITAL DE PISACOMA,MUNICIPALIDAD DISTRITAL DE PISACOMA,.92756289,.79031348,.86164057,1.6085445,.80757058,.67959404,2,3,2
MUNICIPALIDAD DISTRITAL DE PISCOYACU,MUNICIPALIDAD DISTRITAL DE PISCOYACU,.69391823,.46818021,.69444448,-.014396343,-.39368588,-.62779021,3,2,1
MUNICIPALIDAD DISTRITAL DE PISUQUIA,MUNICIPALIDAD DISTRITAL DE PISUQUIA,.8398127,.28190911,.75097126,.99901474,-1.0883032,-.18578096,3,2,1
MUNICIPALIDAD DISTRITAL DE PITIPO,MUNICIPALIDAD DISTRITAL DE PITIPO,.48390535,.11975399,.5982855,-1.4731863,-1.6929904,-1.3797021,3,2,1
MUNICIPALIDAD DISTRITAL DE PITUMARCA,MUNICIPALIDAD DISTRITAL DE PITUMARCA,.72606426,.96334475,.95949614,.20889622,1.4528157,1.4447724,2,3,2
MUNICIPALIDAD DISTRITAL DE PLATERIA,MUNICIPALIDAD DISTRITAL DE PLATERIA,.7063238,.63145578,.77301586,.071775168,.21517961,-.013403963,2,3,2
MUNICIPALIDAD DISTRITAL DE POCOHUANCA,MUNICIPALIDAD DISTRITAL DE POCOHUANCA,.74436593,.94001311,.88571429,.33602312,1.3658105,.86783767,2,3,2
MUNICIPALIDAD DISTRITAL DE POCOLLAY,MUNICIPALIDAD DISTRITAL DE POCOLLAY,.78914237,.87532479,.80050504,.64704889,1.1245834,.2015468,2,3,2
MUNICIPALIDAD DISTRITAL DE POCSI,MUNICIPALIDAD DISTRITAL DE POCSI,.80832803,.4583869,.80606061,.78031617,-.43020579,.2449884,2,3,2
MUNICIPALIDAD DISTRITAL DE POLOBAYA,MUNICIPALIDAD DISTRITAL DE POLOBAYA,.69045389,.95169759,.93611109,-.038460325,1.4093827,1.2619138,2,3,3
MUNICIPALIDAD DISTRITAL DE POLVORA,MUNICIPALIDAD DISTRITAL DE POLVORA,.88260144,.63851792,.72777778,1.2962335,.24151479,-.3671416,2,3,2
MUNICIPALIDAD DISTRITAL DE POMACANCHA,MUNICIPALIDAD DISTRITAL DE POMACANCHA,.70059699,.63253093,.77182543,.031995609,.2191889,-.022712443,2,3,2
MUNICIPALIDAD DISTRITAL DE POMACANCHI,MUNICIPALIDAD DISTRITAL DE POMACANCHI,.91421616,.6268214,.89187104,1.5158355,.19789769,.9159801,2,3,2
MUNICIPALIDAD DISTRITAL DE POMACOCHA,MUNICIPALIDAD DISTRITAL DE POMACOCHA,.66491151,.52273434,.63847119,-.2158826,-.19024988,-1.0654715,3,2,1
MUNICIPALIDAD DISTRITAL DE POMAHUACA,MUNICIPALIDAD DISTRITAL DE POMAHUACA,.60284275,.13264401,.6574074,-.64702415,-1.6449227,-.91740036,3,2,1
MUNICIPALIDAD DISTRITAL DE POMALCA,MUNICIPALIDAD DISTRITAL DE POMALCA,.14916281,.80968601,.80555558,-3.7983723,.879812,.24103932,1,1,3
MUNICIPALIDAD DISTRITAL DE POMATA,MUNICIPALIDAD DISTRITAL DE POMATA,.7939319,.38240209,.85964036,.68031788,-.7135582,.66395342,2,3,2
MUNICIPALIDAD DISTRITAL DE PONTO,MUNICIPALIDAD DISTRITAL DE PONTO,.50446397,.99190128,.9813785,-1.3303821,1.5593048,1.6158807,1,1,3
MUNICIPALIDAD DISTRITAL DE POROTO,MUNICIPALIDAD DISTRITAL DE POROTO,.5612421,.53421324,.73897058,-.93599027,-.14744428,-.27961987,1,1,3
MUNICIPALIDAD DISTRITAL DE POROY,MUNICIPALIDAD DISTRITAL DE POROY,.83974737,.94608009,.9231602,.99856097,1.3884346,1.1606447,2,3,2
MUNICIPALIDAD DISTRITAL DE POSIC,MUNICIPALIDAD DISTRITAL DE POSIC,.73294681,.33142552,.76593405,.25670373,-.9036532,-.068779916,3,2,1
MUNICIPALIDAD DISTRITAL DE POTONI,MUNICIPALIDAD DISTRITAL DE POTONI,.7852512,.56398815,.91192412,.62002009,-.03641168,1.0727845,2,3,2
MUNICIPALIDAD DISTRITAL DE POZUZO,MUNICIPALIDAD DISTRITAL DE POZUZO,.41936332,.96411252,.80409354,-1.9215076,1.4556787,.22960694,1,1,3
MUNICIPALIDAD DISTRITAL DE PROGRESO,MUNICIPALIDAD DISTRITAL DE PROGRESO,.85158432,.52282429,.90223312,1.0807827,-.18991446,.99700612,2,3,2
MUNICIPALIDAD DISTRITAL DE PROVIDENCIA,MUNICIPALIDAD DISTRITAL DE PROVIDENCIA,.85118127,.45295882,.68492061,1.077983,-.45044744,-.70226181,3,2,1
MUNICIPALIDAD DISTRITAL DE PUCACACA,MUNICIPALIDAD DISTRITAL DE PUCACACA,.64105457,.079948649,.5151515,-.38159749,-1.8414272,-2.0297656,3,2,1
MUNICIPALIDAD DISTRITAL DE PUCACOLPA,MUNICIPALIDAD DISTRITAL DE PUCACOLPA,.85363346,.53742713,.68390805,1.0950165,-.1354595,-.71017951,3,2,1
MUNICIPALIDAD DISTRITAL DE PUCALA,MUNICIPALIDAD DISTRITAL DE PUCALA,.11522302,.076804228,.41666669,-4.0341249,-1.853153,-2.7998643,3,2,1
MUNICIPALIDAD DISTRITAL DE PUCARA,MUNICIPALIDAD DISTRITAL DE PUCARA,.65838158,.26178551,.71379554,-.26124075,-1.1633455,-.47647521,3,2,1
MUNICIPALIDAD DISTRITAL DE PUCAYACU,MUNICIPALIDAD DISTRITAL DE PUCAYACU,.77869064,.4994345,.57469344,.57444912,-.27713653,-1.5641794,3,2,1
MUNICIPALIDAD DISTRITAL DE PUCUSANA,MUNICIPALIDAD DISTRITAL DE PUCUSANA,.8356365,.63169962,.77179486,.97000605,.21608891,-.02295154,2,3,2
MUNICIPALIDAD DISTRITAL DE PUCYURA,MUNICIPALIDAD DISTRITAL DE PUCYURA,.91346788,.66027218,.81100082,1.5106379,.32263789,.28361821,2,3,2
MUNICIPALIDAD DISTRITAL DE PUEBLO LIBRE,MUNICIPALIDAD DISTRITAL DE PUEBLO LIBRE,.62030345,.50443316,.87064135,-.52573878,-.25849622,.74997532,1,1,3
MUNICIPALIDAD DISTRITAL DE PUEBLO NUEVO,MUNICIPALIDAD DISTRITAL DE PUEBLO NUEVO,.59165829,.74634284,.81428415,-.72471356,.64360112,.30929205,1,1,3
MUNICIPALIDAD DISTRITAL DE PUENTE PIEDRA,MUNICIPALIDAD DISTRITAL DE PUENTE PIEDRA,.64050788,.9641186,.93523777,-.38539493,1.4557015,1.2550848,1,1,3
MUNICIPALIDAD DISTRITAL DE PUERTO BERMUDEZ,MUNICIPALIDAD DISTRITAL DE PUERTO BERMUDEZ,.62130558,.48734367,.71806449,-.51877773,-.32222405,-.44309434,3,2,1
MUNICIPALIDAD DISTRITAL DE PUINAHUA,MUNICIPALIDAD DISTRITAL DE PUINAHUA,.60068429,.66383803,.92162699,-.66201729,.33593518,1.1486558,1,1,3
MUNICIPALIDAD DISTRITAL DE PULAN,MUNICIPALIDAD DISTRITAL DE PULAN,.72738552,.1001639,.48277581,.21807392,-1.7660432,-2.2829263,3,2,1
MUNICIPALIDAD DISTRITAL DE PULLO,MUNICIPALIDAD DISTRITAL DE PULLO,.74637109,.79173058,.88702607,.34995133,.81285501,.87809509,2,3,2
MUNICIPALIDAD DISTRITAL DE PUNCHANA,MUNICIPALIDAD DISTRITAL DE PUNCHANA,.92822832,.52389401,.77295363,1.6131667,-.18592539,-.013890547,2,3,2
MUNICIPALIDAD DISTRITAL DE PUNCHAO,MUNICIPALIDAD DISTRITAL DE PUNCHAO,.96448261,.19014987,.62626261,1.864996,-1.4304795,-1.1609361,3,2,1
MUNICIPALIDAD DISTRITAL DE PUNTA DE BOMBON,MUNICIPALIDAD DISTRITAL DE PUNTA DE BOMBON,.77713162,.88429803,.91944569,.56361991,1.1580452,1.1315992,2,3,2
MUNICIPALIDAD DISTRITAL DE PUNTA HERMOSA,MUNICIPALIDAD DISTRITAL DE PUNTA HERMOSA,.62778044,.98508668,.9348371,-.47380218,1.5338928,1.2519518,1,1,3
MUNICIPALIDAD DISTRITAL DE PUNTA NEGRA,MUNICIPALIDAD DISTRITAL DE PUNTA NEGRA,.36801669,.98047692,.98412699,-2.2781713,1.5167027,1.6373724,1,1,3
MUNICIPALIDAD DISTRITAL DE PUQUINA,MUNICIPALIDAD DISTRITAL DE PUQUINA,.85876,.88592815,.91798943,1.1306263,1.164124,1.1202121,2,3,2
MUNICIPALIDAD DISTRITAL DE PUSI,MUNICIPALIDAD DISTRITAL DE PUSI,.833395,.96151477,.9082768,.95443618,1.4459916,1.0442644,2,3,2
MUNICIPALIDAD DISTRITAL DE PUTINZA,MUNICIPALIDAD DISTRITAL DE PUTINZA,.65422177,.70511109,.77380955,-.29013556,.48984516,-.0071976883,1,1,3
MUNICIPALIDAD DISTRITAL DE PUTIS,MUNICIPALIDAD DISTRITAL DE PUTIS,.54094189,.8330453,.72222221,-1.0769994,.96692038,-.4105832,1,1,3
MUNICIPALIDAD DISTRITAL DE PUYCA,MUNICIPALIDAD DISTRITAL DE PUYCA,.54342234,.98831517,.91280866,-1.0597697,1.5459321,1.0797012,1,1,3
MUNICIPALIDAD DISTRITAL DE PUYUSCA,MUNICIPALIDAD DISTRITAL DE PUYUSCA,.76330525,.20497467,.75231481,.46757925,-1.3751969,-.17527513,3,2,1
MUNICIPALIDAD DISTRITAL DE PUÑOS,MUNICIPALIDAD DISTRITAL DE PUÑOS,.64465553,.17813793,.67199451,-.35658455,-1.4752729,-.80333704,3,2,1
MUNICIPALIDAD DISTRITAL DE QUECHUALLA,MUNICIPALIDAD DISTRITAL DE QUECHUALLA,.88748413,.10197473,.52936506,1.3301498,-1.7592906,-1.9186232,3,2,1
MUNICIPALIDAD DISTRITAL DE QUEHUE,MUNICIPALIDAD DISTRITAL DE QUEHUE,.91460359,.7059617,.85281706,1.5185267,.49301717,.61059886,2,3,2
MUNICIPALIDAD DISTRITAL DE QUELLOUNO,MUNICIPALIDAD DISTRITAL DE QUELLOUNO,.84357041,.99608827,.98854864,1.0251166,1.5749184,1.6719474,2,3,2
MUNICIPALIDAD DISTRITAL DE QUEQUE¥A,MUNICIPALIDAD DISTRITAL DE QUEQUE¥A,.70522463,.99925357,.9848485,.064140126,1.5867221,1.6430143,2,3,2
MUNICIPALIDAD DISTRITAL DE QUERCO,MUNICIPALIDAD DISTRITAL DE QUERCO,.71025038,.89208084,.85982907,.099049911,1.1870679,.66542906,2,3,2
MUNICIPALIDAD DISTRITAL DE QUERECOTILLO,MUNICIPALIDAD DISTRITAL DE QUERECOTILLO,.66218686,.30341387,.65561014,-.23480853,-1.0081105,-.931454,3,2,1
MUNICIPALIDAD DISTRITAL DE QUEROCOTILLO,MUNICIPALIDAD DISTRITAL DE QUEROCOTILLO,.65715909,.38541192,.64653707,-.26973239,-.70233434,-1.0024006,3,2,1
MUNICIPALIDAD DISTRITAL DE QUEROCOTO,MUNICIPALIDAD DISTRITAL DE QUEROCOTO,.69039571,.14038412,.62428772,-.038864411,-1.6160593,-1.1763786,3,2,1
MUNICIPALIDAD DISTRITAL DE QUEROPALCA,MUNICIPALIDAD DISTRITAL DE QUEROPALCA,.53412163,.95321167,.90476191,-1.1243743,1.4150287,1.0167799,1,1,3
MUNICIPALIDAD DISTRITAL DE QUIACA,MUNICIPALIDAD DISTRITAL DE QUIACA,.79099035,.65516216,.88250649,.65988535,.30358225,.84275436,2,3,2
MUNICIPALIDAD DISTRITAL DE QUICACHA,MUNICIPALIDAD DISTRITAL DE QUICACHA,.61021161,.27723932,.76190478,-.59583861,-1.1057172,-.10028668,3,2,1
MUNICIPALIDAD DISTRITAL DE QUICHES,MUNICIPALIDAD DISTRITAL DE QUICHES,.58448279,.82221097,.92332685,-.77455598,.92651844,1.1619478,1,1,3
MUNICIPALIDAD DISTRITAL DE QUICHUAS,MUNICIPALIDAD DISTRITAL DE QUICHUAS,.79324794,.68111902,.8443107,.67556697,.40037715,.54408365,2,3,2
MUNICIPALIDAD DISTRITAL DE QUICHUAY,MUNICIPALIDAD DISTRITAL DE QUICHUAY,.84885556,.63336128,.86147189,1.0618281,.22228535,.67827505,2,3,2
MUNICIPALIDAD DISTRITAL DE QUILAHUANI,MUNICIPALIDAD DISTRITAL DE QUILAHUANI,.77284676,.37431234,.68981481,.53385645,-.74372542,-.66399181,3,2,1
MUNICIPALIDAD DISTRITAL DE QUILCA,MUNICIPALIDAD DISTRITAL DE QUILCA,.68815684,.7714076,.78205127,-.054416034,.73706931,.057248112,2,3,2
MUNICIPALIDAD DISTRITAL DE QUILCAPUNCU,MUNICIPALIDAD DISTRITAL DE QUILCAPUNCU,.67850399,.89006406,.91627818,-.12146661,1.1795471,1.106831,1,1,3
MUNICIPALIDAD DISTRITAL DE QUILCAS,MUNICIPALIDAD DISTRITAL DE QUILCAS,.79960471,.72199285,.88562089,.71972233,.55279839,.86710733,2,3,2
MUNICIPALIDAD DISTRITAL DE QUILLO,MUNICIPALIDAD DISTRITAL DE QUILLO,.57265246,.58639407,.73985088,-.85673171,.047141496,-.2727364,1,1,3
MUNICIPALIDAD DISTRITAL DE QUILMANA,MUNICIPALIDAD DISTRITAL DE QUILMANA,.65955639,.79278052,.93063188,-.25308031,.81677032,1.2190692,1,1,3
MUNICIPALIDAD DISTRITAL DE QUIMBIRI,MUNICIPALIDAD DISTRITAL DE QUIMBIRI,.77292931,.87281632,.90814257,.53442985,1.1152291,1.0432148,2,3,2
MUNICIPALIDAD DISTRITAL DE QUINCHES,MUNICIPALIDAD DISTRITAL DE QUINCHES,.74746382,.78381866,.74928778,.35754168,.78335094,-.19894484,2,3,2
MUNICIPALIDAD DISTRITAL DE QUINISTAQUILLAS,MUNICIPALIDAD DISTRITAL DE QUINISTAQUILLAS,.58655876,.4656021,.824359,-.76013589,-.40329981,.38807201,1,1,3
MUNICIPALIDAD DISTRITAL DE QUINJALCA,MUNICIPALIDAD DISTRITAL DE QUINJALCA,.48094857,.32719907,.5462963,-1.4937246,-.91941392,-1.78623,3,2,1
MUNICIPALIDAD DISTRITAL DE QUINOCAY,MUNICIPALIDAD DISTRITAL DE QUINOCAY,.80416405,.32715952,.67272729,.75139236,-.91956139,-.79760706,3,2,1
MUNICIPALIDAD DISTRITAL DE QUINUA,MUNICIPALIDAD DISTRITAL DE QUINUA,.6002025,.53936791,.56926405,-.66536385,-.12822218,-1.6066344,3,2,1
MUNICIPALIDAD DISTRITAL DE QUINUABAMBA,MUNICIPALIDAD DISTRITAL DE QUINUABAMBA,.80595142,.80181032,.91920632,.76380777,.85044307,1.1297275,2,3,2
MUNICIPALIDAD DISTRITAL DE QUIQUIJANA,MUNICIPALIDAD DISTRITAL DE QUIQUIJANA,.9453401,.96448106,.95520282,1.7320284,1.4570531,1.4112009,2,3,2
MUNICIPALIDAD DISTRITAL DE QUIRUVILCA,MUNICIPALIDAD DISTRITAL DE QUIRUVILCA,.56988615,.33364508,.76862144,-.87594706,-.89537632,-.047765922,3,2,1
MUNICIPALIDAD DISTRITAL DE QUISHUAR,MUNICIPALIDAD DISTRITAL DE QUISHUAR,.80756986,.24812205,.66388887,.77504981,-1.2142974,-.86671877,3,2,1
MUNICIPALIDAD DISTRITAL DE QUISQUI,MUNICIPALIDAD DISTRITAL DE QUISQUI,.83169842,.46130583,.76307696,.94265139,-.41932091,-.091120824,2,3,2
MUNICIPALIDAD DISTRITAL DE QUITO ARMA,MUNICIPALIDAD DISTRITAL DE QUITO ARMA,.81695074,.89264679,.7764706,.84021115,1.1891782,.013610298,2,3,2
MUNICIPALIDAD DISTRITAL DE QUIVILLA,MUNICIPALIDAD DISTRITAL DE QUIVILLA,.51878399,.15865326,.62063491,-1.2309126,-1.5479325,-1.2049416,3,2,1
MUNICIPALIDAD DISTRITAL DE QUIÑOTA,MUNICIPALIDAD DISTRITAL DE QUIÑOTA,.84863043,.34769875,.80204314,1.0602643,-.8429693,.2135739,2,3,2
MUNICIPALIDAD DISTRITAL DE RAGASH,MUNICIPALIDAD DISTRITAL DE RAGASH,.82676125,.17042229,.83258677,.90835685,-1.504045,.45240876,3,2,1
MUNICIPALIDAD DISTRITAL DE RAHUAPAMPA,MUNICIPALIDAD DISTRITAL DE RAHUAPAMPA,.69403732,.96315491,.98765433,-.013569121,1.4521078,1.6649543,2,3,3
MUNICIPALIDAD DISTRITAL DE RANRACANCHA,MUNICIPALIDAD DISTRITAL DE RANRACANCHA,.57262242,.93744057,.92000002,-.85694039,1.3562173,1.1359338,1,1,3
MUNICIPALIDAD DISTRITAL DE RANRAHIRCA,MUNICIPALIDAD DISTRITAL DE RANRAHIRCA,.54384369,.5127582,.80446845,-1.056843,-.22745159,.23253855,1,1,3
MUNICIPALIDAD DISTRITAL DE RAPAYAN,MUNICIPALIDAD DISTRITAL DE RAPAYAN,.43561405,.98670107,.98759109,-1.8086269,1.5399129,1.6644598,1,1,3
MUNICIPALIDAD DISTRITAL DE RAZURI,MUNICIPALIDAD DISTRITAL DE RAZURI,.53816068,.84882915,.81175119,-1.0963182,1.0257794,.28948566,1,1,3
MUNICIPALIDAD DISTRITAL DE RECTA,MUNICIPALIDAD DISTRITAL DE RECTA,.61555368,.58052725,.73809522,-.55873162,.025263712,-.28646469,1,1,3
MUNICIPALIDAD DISTRITAL DE REQUE,MUNICIPALIDAD DISTRITAL DE REQUE,.41299576,.60164744,.76915139,-1.9657379,.10402231,-.043622036,1,1,3
MUNICIPALIDAD DISTRITAL DE RICARDO PALMA,MUNICIPALIDAD DISTRITAL DE RICARDO PALMA,.93910891,.62908298,.86306041,1.6887454,.20633127,.69069642,2,3,2
MUNICIPALIDAD DISTRITAL DE RICRAN,MUNICIPALIDAD DISTRITAL DE RICRAN,.77382505,.38984469,.73682982,.5406518,-.68580425,-.29635948,3,2,1
MUNICIPALIDAD DISTRITAL DE RIMAC,MUNICIPALIDAD DISTRITAL DE RIMAC,.55075943,.51298583,.69603175,-1.0088049,-.22660275,-.61537862,3,2,1
MUNICIPALIDAD DISTRITAL DE RINCONADA LLICUAR,MUNICIPALIDAD DISTRITAL DE RINCONADA LLICUAR,.52650213,.50345135,.77739793,-1.1773008,-.26215744,.020861516,1,1,3
MUNICIPALIDAD DISTRITAL DE RIO GRANDE,MUNICIPALIDAD DISTRITAL DE RIO GRANDE,.77259016,.57748836,.8923099,.53207403,.013931514,.91941184,2,3,2
MUNICIPALIDAD DISTRITAL DE RIO MAGDALENA,MUNICIPALIDAD DISTRITAL DE RIO MAGDALENA,.83643401,.65766168,.66666669,.9755457,.31290314,-.8449977,2,3,2
MUNICIPALIDAD DISTRITAL DE RIO NEGRO,MUNICIPALIDAD DISTRITAL DE RIO NEGRO,.73338485,.78494668,.89956039,.2597464,.78755742,.97610676,2,3,2
MUNICIPALIDAD DISTRITAL DE RIO SANTIAGO,MUNICIPALIDAD DISTRITAL DE RIO SANTIAGO,.692644,.36221519,.88578433,-.023247378,-.78883648,.86838531,2,3,2
MUNICIPALIDAD DISTRITAL DE RIO TAMBO,MUNICIPALIDAD DISTRITAL DE RIO TAMBO,.59750414,.71814305,.83007157,-.68410718,.53844219,.43274125,1,1,3
MUNICIPALIDAD DISTRITAL DE RIPAN,MUNICIPALIDAD DISTRITAL DE RIPAN,.67893147,.67206985,.77836335,-.11849722,.36663216,.028410558,1,1,3
MUNICIPALIDAD DISTRITAL DE ROBLE,MUNICIPALIDAD DISTRITAL DE ROBLE,.79700959,.46579033,.80986887,.7016961,-.40259787,.27476695,2,3,2
MUNICIPALIDAD DISTRITAL DE ROCCHACC,MUNICIPALIDAD DISTRITAL DE ROCCHACC,.48621237,.81053722,.83529413,-1.4571612,.88298625,.47357887,1,1,3
MUNICIPALIDAD DISTRITAL DE RONDOCAN,MUNICIPALIDAD DISTRITAL DE RONDOCAN,.9019171,.20974641,.6796717,1.4304038,-1.3574028,-.74330544,3,2,1
MUNICIPALIDAD DISTRITAL DE RONDOS,MUNICIPALIDAD DISTRITAL DE RONDOS,.82640427,.41910318,.69499177,.90587723,-.57669741,-.62351072,3,2,1
MUNICIPALIDAD DISTRITAL DE ROSA PANDURO,MUNICIPALIDAD DISTRITAL DE ROSA PANDURO,.85866016,.17130452,.40277779,1.1299329,-1.5007551,-2.908468,3,2,1
MUNICIPALIDAD DISTRITAL DE ROSARIO,MUNICIPALIDAD DISTRITAL DE ROSARIO,.65481436,.33471182,.71444446,-.28601933,-.89139837,-.47140104,3,2,1
MUNICIPALIDAD DISTRITAL DE ROSASPATA,MUNICIPALIDAD DISTRITAL DE ROSASPATA,.80916393,.75264257,.85644668,.7861225,.66709322,.63898057,2,3,2
MUNICIPALIDAD DISTRITAL DE RUMISAPA,MUNICIPALIDAD DISTRITAL DE RUMISAPA,.81999665,.22229128,.6671415,.86136872,-1.3106221,-.84128499,3,2,1
MUNICIPALIDAD DISTRITAL DE SABAINO,MUNICIPALIDAD DISTRITAL DE SABAINO,.85102171,.51838404,.83351159,1.0768747,-.20647244,.45964038,2,3,2
MUNICIPALIDAD DISTRITAL DE SABANDIA,MUNICIPALIDAD DISTRITAL DE SABANDIA,.5740307,.57347298,.88611114,-.84715825,-.0010421282,.8709408,1,1,3
MUNICIPALIDAD DISTRITAL DE SACANCHE,MUNICIPALIDAD DISTRITAL DE SACANCHE,.82766092,.056668688,.47474748,.91460615,-1.9282397,-2.3457036,3,2,1
MUNICIPALIDAD DISTRITAL DE SACHACA,MUNICIPALIDAD DISTRITAL DE SACHACA,.58959275,.76887846,.93609297,-.73906118,.72763795,1.261772,1,1,3
MUNICIPALIDAD DISTRITAL DE SACSAMARCA,MUNICIPALIDAD DISTRITAL DE SACSAMARCA,.68400866,.66925448,.71198946,-.08323013,.35613349,-.49059781,2,3,2
MUNICIPALIDAD DISTRITAL DE SAISA,MUNICIPALIDAD DISTRITAL DE SAISA,.57739574,.79053515,.67314118,-.82378399,.80839717,-.79437065,1,1,3
MUNICIPALIDAD DISTRITAL DE SALAMANCA,MUNICIPALIDAD DISTRITAL DE SALAMANCA,.66281819,.31973711,.87725556,-.23042317,-.94724011,.80169487,3,2,1
MUNICIPALIDAD DISTRITAL DE SALAS,MUNICIPALIDAD DISTRITAL DE SALAS,.41549003,.71851295,.93047726,-1.9484122,.53982162,1.2178602,1,1,3
MUNICIPALIDAD DISTRITAL DE SALAVERRY,MUNICIPALIDAD DISTRITAL DE SALAVERRY,.44927597,.75992161,.84711778,-1.7137285,.69423723,.56603354,1,1,3
MUNICIPALIDAD DISTRITAL DE SALCABAMBA,MUNICIPALIDAD DISTRITAL DE SALCABAMBA,.73560834,.68402392,.76987654,.27519119,.4112097,-.037951749,2,3,2
MUNICIPALIDAD DISTRITAL DE SALCAHUASI,MUNICIPALIDAD DISTRITAL DE SALCAHUASI,.76665056,.70960963,.86204481,.49081641,.50662053,.68275493,2,3,2
MUNICIPALIDAD DISTRITAL DE SALITRAL,MUNICIPALIDAD DISTRITAL DE SALITRAL,.69785804,.24799174,.63131315,.012970317,-1.2147833,-1.1214435,3,2,1
MUNICIPALIDAD DISTRITAL DE SALLIQUE,MUNICIPALIDAD DISTRITAL DE SALLIQUE,.67028666,.4072955,.6388889,-.1785458,-.62072903,-1.0622052,3,2,1
MUNICIPALIDAD DISTRITAL DE SALPO,MUNICIPALIDAD DISTRITAL DE SALPO,.68131608,.46178019,.79337782,-.10193331,-.41755196,.1458157,3,2,1
MUNICIPALIDAD DISTRITAL DE SAMA,MUNICIPALIDAD DISTRITAL DE SAMA,.59287125,.98497683,.98550725,-.71628815,1.5334831,1.6481653,1,1,3
MUNICIPALIDAD DISTRITAL DE SAMAN,MUNICIPALIDAD DISTRITAL DE SAMAN,.79286891,.95415622,.9095118,.67293417,1.4185511,1.0539215,2,3,2
MUNICIPALIDAD DISTRITAL DE SAMANCO,MUNICIPALIDAD DISTRITAL DE SAMANCO,.63112742,.80850434,.76283687,-.45055342,.87540549,-.092998177,1,1,3
MUNICIPALIDAD DISTRITAL DE SAMEGUA,MUNICIPALIDAD DISTRITAL DE SAMEGUA,.66336071,.85336816,.93730158,-.22665472,1.0427057,1.2712227,1,1,3
MUNICIPALIDAD DISTRITAL DE SAMUEL PASTOR,MUNICIPALIDAD DISTRITAL DE SAMUEL PASTOR,.8104803,.73049736,.89824563,.79526621,.58451223,.96582603,2,3,2
MUNICIPALIDAD DISTRITAL DE SAMUGARI,MUNICIPALIDAD DISTRITAL DE SAMUGARI,.79686338,.40678668,.69862503,.70068049,-.62262642,-.59510052,3,2,1
MUNICIPALIDAD DISTRITAL DE SAN AGUSTIN,MUNICIPALIDAD DISTRITAL DE SAN AGUSTIN,.70653158,.90234482,.875,.073218457,1.2253429,.78405762,2,3,2
MUNICIPALIDAD DISTRITAL DE SAN ANDRES,MUNICIPALIDAD DISTRITAL DE SAN ANDRES,.72182065,.91550654,.96759999,.17941926,1.2744238,1.5081401,2,3,2
MUNICIPALIDAD DISTRITAL DE SAN ANDRES DE CUTERVO,MUNICIPALIDAD DISTRITAL DE SAN ANDRES DE CUTERVO,.89718658,.67761892,.78205127,1.3975447,.38732505,.057248112,2,3,2
MUNICIPALIDAD DISTRITAL DE SAN ANDRES DE TUPICOCHA,MUNICIPALIDAD DISTRITAL DE SAN ANDRES DE TUPICOCHA,.96091193,.71620017,.80844158,1.8401934,.53119707,.26360628,2,3,2
MUNICIPALIDAD DISTRITAL DE SAN ANTON,MUNICIPALIDAD DISTRITAL DE SAN ANTON,.64401901,.62448412,.74170274,-.36100593,.18918183,-.25825587,1,1,3
MUNICIPALIDAD DISTRITAL DE SAN ANTONIO,MUNICIPALIDAD DISTRITAL DE SAN ANTONIO,.6219241,.86611545,.84359407,-.51448143,1.0902412,.53848004,1,1,3
MUNICIPALIDAD DISTRITAL DE SAN ANTONIO DE ANTAPARCO,MUNICIPALIDAD DISTRITAL DE SAN ANTONIO DE ANTAPARCO,.47984877,.6713081,.7275781,-1.501364,.36379156,-.36870295,1,1,3
MUNICIPALIDAD DISTRITAL DE SAN ANTONIO DE CACHI,MUNICIPALIDAD DISTRITAL DE SAN ANTONIO DE CACHI,.59575176,.85727447,.91268116,-.69627953,1.0572726,1.0787042,1,1,3
MUNICIPALIDAD DISTRITAL DE SAN ANTONIO DE CHUCA,MUNICIPALIDAD DISTRITAL DE SAN ANTONIO DE CHUCA,.84744757,.31314972,.83351159,1.0520481,-.97180492,.45964038,2,3,2
MUNICIPALIDAD DISTRITAL DE SAN ANTONIO DE CUSICANCHA,MUNICIPALIDAD DISTRITAL DE SAN ANTONIO DE CUSICANCHA,.61455315,.37661085,.68538326,-.56568146,-.73515415,-.6986441,3,2,1
MUNICIPALIDAD DISTRITAL DE SAN BARTOLO,MUNICIPALIDAD DISTRITAL DE SAN BARTOLO,.5481478,.99444485,.94444442,-1.0269458,1.5687901,1.327076,1,1,3
MUNICIPALIDAD DISTRITAL DE SAN BARTOLOME,MUNICIPALIDAD DISTRITAL DE SAN BARTOLOME,.88565153,.45700726,.78871125,1.3174201,-.43535054,.10932563,2,3,2
MUNICIPALIDAD DISTRITAL DE SAN BENITO,MUNICIPALIDAD DISTRITAL DE SAN BENITO,.76005054,.10227172,.74873739,.44497141,-1.758183,-.20324858,3,2,1
MUNICIPALIDAD DISTRITAL DE SAN BERNARDINO,MUNICIPALIDAD DISTRITAL DE SAN BERNARDINO,.81627786,.26597506,.6111111,.83553725,-1.1477224,-1.2794127,3,2,1
MUNICIPALIDAD DISTRITAL DE SAN BORJA,MUNICIPALIDAD DISTRITAL DE SAN BORJA,.76598722,.99549055,.9710145,.48620874,1.5726895,1.5348397,2,3,2
MUNICIPALIDAD DISTRITAL DE SAN BUENAVENTURA,MUNICIPALIDAD DISTRITAL DE SAN BUENAVENTURA,.36024785,.98280257,.86928105,-2.332135,1.5253752,.73933852,1,1,3
MUNICIPALIDAD DISTRITAL DE SAN CARLOS,MUNICIPALIDAD DISTRITAL DE SAN CARLOS,.93507075,.41397068,.59836602,1.6606956,-.59583682,-1.3790724,3,2,1
MUNICIPALIDAD DISTRITAL DE SAN CLEMENTE,MUNICIPALIDAD DISTRITAL DE SAN CLEMENTE,.6144973,.97978932,.96259439,-.56606936,1.5141386,1.468999,1,1,3
MUNICIPALIDAD DISTRITAL DE SAN CRISTOBAL,MUNICIPALIDAD DISTRITAL DE SAN CRISTOBAL,.76375818,.75329387,.7439189,.47072542,.66952199,-.24092667,2,3,2
MUNICIPALIDAD DISTRITAL DE SAN CRISTOBAL DE RAJAN,MUNICIPALIDAD DISTRITAL DE SAN CRISTOBAL DE RAJAN,.79985499,.79364121,.85515875,.72146082,.81997991,.62890959,2,3,2
MUNICIPALIDAD DISTRITAL DE SAN DAMIAN,MUNICIPALIDAD DISTRITAL DE SAN DAMIAN,.6008448,.78027773,.72222221,-.66090232,.77014655,-.4105832,1,1,3
MUNICIPALIDAD DISTRITAL DE SAN FELIPE,MUNICIPALIDAD DISTRITAL DE SAN FELIPE,.58373696,.12244643,.68849206,-.7797367,-1.6829501,-.67433494,3,2,1
MUNICIPALIDAD DISTRITAL DE SAN FERNANDO,MUNICIPALIDAD DISTRITAL DE SAN FERNANDO,.77605909,.12259853,.81750947,.55616993,-1.6823829,.33451238,3,2,1
MUNICIPALIDAD DISTRITAL DE SAN FRANCISCO,MUNICIPALIDAD DISTRITAL DE SAN FRANCISCO,.48714957,.82393563,.83678049,-1.4506513,.93294978,.48520142,1,1,3
MUNICIPALIDAD DISTRITAL DE SAN FRANCISCO DE ASIS,MUNICIPALIDAD DISTRITAL DE SAN FRANCISCO DE ASIS,.58247083,.49010545,.63760686,-.78853142,-.3119252,-1.0722301,3,2,1
MUNICIPALIDAD DISTRITAL DE SAN FRANCISCO DE ASIS DE YARUSYACAN,MUNICIPALIDAD DISTRITAL DE SAN FRANCISCO DE ASIS DE YARUSYACAN,.64029461,.60922337,.83944291,-.38687631,.13227345,.50602013,1,1,3
MUNICIPALIDAD DISTRITAL DE SAN FRANCISCO DE CAYRAN,MUNICIPALIDAD DISTRITAL DE SAN FRANCISCO DE CAYRAN,.71401834,.3309266,.64826548,.12522294,-.90551376,-.98888534,3,2,1
MUNICIPALIDAD DISTRITAL DE SAN FRANCISCO DE DAGUAS,MUNICIPALIDAD DISTRITAL DE SAN FRANCISCO DE DAGUAS,.72642988,.73574853,.69648874,.21143585,.60409421,-.6118052,2,3,2
MUNICIPALIDAD DISTRITAL DE SAN FRANCISCO DE RIVACAYCO,MUNICIPALIDAD DISTRITAL DE SAN FRANCISCO DE RIVACAYCO,.86764538,.52948231,.70018798,1.192346,-.16508627,-.58287907,2,3,2
MUNICIPALIDAD DISTRITAL DE SAN FRANCISCO DE SANGAYAICO,MUNICIPALIDAD DISTRITAL DE SAN FRANCISCO DE SANGAYAICO,.48839089,.86706799,.94047618,-1.4420288,1.0937933,1.2960464,1,1,3
MUNICIPALIDAD DISTRITAL DE SAN FRANCISCO DEL YESO,MUNICIPALIDAD DISTRITAL DE SAN FRANCISCO DEL YESO,.87333018,.21223341,.82738096,1.2318336,-1.3481286,.4117021,3,2,1
MUNICIPALIDAD DISTRITAL DE SAN GABAN,MUNICIPALIDAD DISTRITAL DE SAN GABAN,.91733974,.90991181,.92521787,1.5375326,1.2535607,1.1767346,2,3,2
MUNICIPALIDAD DISTRITAL DE SAN GREGORIO,MUNICIPALIDAD DISTRITAL DE SAN GREGORIO,.81821197,.18431842,.34358975,.84897196,-1.4522254,-3.3712869,3,2,1
MUNICIPALIDAD DISTRITAL DE SAN HILARION,MUNICIPALIDAD DISTRITAL DE SAN HILARION,.69663036,.1506234,.73105413,.0044426378,-1.5778764,-.34152231,3,2,1
MUNICIPALIDAD DISTRITAL DE SAN ISIDRO,MUNICIPALIDAD DISTRITAL DE SAN ISIDRO,.62570763,.99936688,.95098037,-.48820031,1.5871446,1.3781835,1,1,3
MUNICIPALIDAD DISTRITAL DE SAN ISIDRO - HUIRPACANCHA,MUNICIPALIDAD DISTRITAL DE SAN ISIDRO - HUIRPACANCHA,.53838891,.51739538,.82710439,-1.094733,-.21015923,.40953949,1,1,3
MUNICIPALIDAD DISTRITAL DE SAN ISIDRO DE MAINO,MUNICIPALIDAD DISTRITAL DE SAN ISIDRO DE MAINO,.75194758,.39401898,.60714287,.38868672,-.67023802,-1.3104422,3,2,1
MUNICIPALIDAD DISTRITAL DE SAN JACINTO,MUNICIPALIDAD DISTRITAL DE SAN JACINTO,.6243906,.41850349,.87152779,-.49734864,-.57893366,.75690681,1,1,3
MUNICIPALIDAD DISTRITAL DE SAN JAVIER DE ALPABAMBA,MUNICIPALIDAD DISTRITAL DE SAN JAVIER DE ALPABAMBA,.68981493,.5232783,.68684012,-.042898677,-.18822144,-.68725228,3,2,1
MUNICIPALIDAD DISTRITAL DE SAN JERONIMO,MUNICIPALIDAD DISTRITAL DE SAN JERONIMO,.89977914,.74215806,.84567016,1.4155532,.62799579,.55471396,2,3,2
MUNICIPALIDAD DISTRITAL DE SAN JERONIMO DE PACLAS,MUNICIPALIDAD DISTRITAL DE SAN JERONIMO DE PACLAS,.86807805,.43464944,.6474359,1.1953514,-.51872438,-.99537218,3,2,1
MUNICIPALIDAD DISTRITAL DE SAN JERONIMO DE TUNAN,MUNICIPALIDAD DISTRITAL DE SAN JERONIMO DE TUNAN,.64636868,.31768715,.81475627,-.34468466,-.95488453,.31298384,3,2,1
MUNICIPALIDAD DISTRITAL DE SAN JOAQUIN,MUNICIPALIDAD DISTRITAL DE SAN JOAQUIN,.91700459,.63659948,.67777777,1.5352044,.23436081,-.75811499,2,3,2
MUNICIPALIDAD DISTRITAL DE SAN JOSE,MUNICIPALIDAD DISTRITAL DE SAN JOSE,.61181736,.16454719,.77555686,-.58468479,-1.5259537,.0064653452,3,2,1
MUNICIPALIDAD DISTRITAL DE SAN JOSE DE LOS MOLINOS,MUNICIPALIDAD DISTRITAL DE SAN JOSE DE LOS MOLINOS,.73196185,.93393117,.95238096,.24986196,1.3431305,1.3891354,2,3,2
MUNICIPALIDAD DISTRITAL DE SAN JOSE DE LOURDES,MUNICIPALIDAD DISTRITAL DE SAN JOSE DE LOURDES,.75171763,.63576096,.83129287,.3870894,.23123392,.44229117,2,3,2
MUNICIPALIDAD DISTRITAL DE SAN JOSE DE QUERO,MUNICIPALIDAD DISTRITAL DE SAN JOSE DE QUERO,.78312647,.56183296,.75885451,.60526133,-.04444851,-.12413815,2,3,2
MUNICIPALIDAD DISTRITAL DE SAN JOSE DE TICLLAS,MUNICIPALIDAD DISTRITAL DE SAN JOSE DE TICLLAS,.45096597,.35293701,.4509804,-1.7019895,-.82343543,-2.5315495,3,2,1
MUNICIPALIDAD DISTRITAL DE SAN JOSE DE USHUA,MUNICIPALIDAD DISTRITAL DE SAN JOSE DE USHUA,.42760146,.90867686,.90476191,-1.8642839,1.2489555,1.0167799,1,1,3
MUNICIPALIDAD DISTRITAL DE SAN JOSE DEL ALTO,MUNICIPALIDAD DISTRITAL DE SAN JOSE DEL ALTO,.58198017,.36569118,.81964767,-.79193968,-.77587426,.35123193,1,1,3
MUNICIPALIDAD DISTRITAL DE SAN JUAN,MUNICIPALIDAD DISTRITAL DE SAN JUAN,.7949174,.40847459,.77414006,.68716341,-.61633211,-.0046132938,3,2,1
MUNICIPALIDAD DISTRITAL DE SAN JUAN BAUTISTA,MUNICIPALIDAD DISTRITAL DE SAN JUAN BAUTISTA,.66046548,.51201642,.82071573,-.24676558,-.23021774,.35958356,1,1,3
MUNICIPALIDAD DISTRITAL DE SAN JUAN DE BIGOTE,MUNICIPALIDAD DISTRITAL DE SAN JUAN DE BIGOTE,.64252603,.13252014,.61742425,-.37137645,-1.6453847,-1.2300473,3,2,1
MUNICIPALIDAD DISTRITAL DE SAN JUAN DE CHACÑA,MUNICIPALIDAD DISTRITAL DE SAN JUAN DE CHACÑA,.44762832,.098392949,.63589746,-1.7251735,-1.7726473,-1.0855967,3,2,1
MUNICIPALIDAD DISTRITAL DE SAN JUAN DE CUTERVO,MUNICIPALIDAD DISTRITAL DE SAN JUAN DE CUTERVO,.59873551,.14033732,.31759259,-.6755538,-1.6162338,-3.5745709,3,2,1
MUNICIPALIDAD DISTRITAL DE SAN JUAN DE IRIS,MUNICIPALIDAD DISTRITAL DE SAN JUAN DE IRIS,.82472891,.75526458,.76274508,.89423984,.67687088,-.093715936,2,3,2
MUNICIPALIDAD DISTRITAL DE SAN JUAN DE ISCOS,MUNICIPALIDAD DISTRITAL DE SAN JUAN DE ISCOS,.86822408,.79634434,.86238098,1.1963657,.83006006,.68538362,2,3,2
MUNICIPALIDAD DISTRITAL DE SAN JUAN DE JARPA,MUNICIPALIDAD DISTRITAL DE SAN JUAN DE JARPA,.76749408,.15376845,.71746409,.4966757,-1.5661483,-.44778913,3,2,1
MUNICIPALIDAD DISTRITAL DE SAN JUAN DE LA VIRGEN,MUNICIPALIDAD DISTRITAL DE SAN JUAN DE LA VIRGEN,.82169098,.96662104,.91208577,.87313777,1.4650332,1.0740485,2,3,2
MUNICIPALIDAD DISTRITAL DE SAN JUAN DE LICUPIS,MUNICIPALIDAD DISTRITAL DE SAN JUAN DE LICUPIS,.49911377,.7449733,.85416669,-1.3675456,.63849401,.62115222,1,1,3
MUNICIPALIDAD DISTRITAL DE SAN JUAN DE LOPECANCHA,MUNICIPALIDAD DISTRITAL DE SAN JUAN DE LOPECANCHA,.97469306,.56420845,.719697,1.9359198,-.035590172,-.43032899,2,3,2
MUNICIPALIDAD DISTRITAL DE SAN JUAN DE LURIGANCHO,MUNICIPALIDAD DISTRITAL DE SAN JUAN DE LURIGANCHO,.51257342,.90107292,.98472655,-1.2740523,1.2205999,1.6420606,1,1,3
MUNICIPALIDAD DISTRITAL DE SAN JUAN DE MIRAFLORES,MUNICIPALIDAD DISTRITAL DE SAN JUAN DE MIRAFLORES,.76183265,.68980134,.89111108,.45735034,.43275407,.91003764,2,3,2
MUNICIPALIDAD DISTRITAL DE SAN JUAN DE RONTOY,MUNICIPALIDAD DISTRITAL DE SAN JUAN DE RONTOY,.71031821,.59070468,.82004356,.099521071,.063216038,.35432762,2,3,2
MUNICIPALIDAD DISTRITAL DE SAN JUAN DE SALINAS,MUNICIPALIDAD DISTRITAL DE SAN JUAN DE SALINAS,.71348393,.82025898,.80270654,.12151079,.91923928,.21876134,2,3,2
MUNICIPALIDAD DISTRITAL DE SAN JUAN DE SIGUAS,MUNICIPALIDAD DISTRITAL DE SAN JUAN DE SIGUAS,.63960356,.58532667,.71507937,-.39167652,.04316109,-.46643639,3,2,1
MUNICIPALIDAD DISTRITAL DE SAN JUAN DE TANTARANCHE,MUNICIPALIDAD DISTRITAL DE SAN JUAN DE TANTARANCHE,.87881196,.63765538,.75343919,1.2699111,.23829833,-.16648306,2,3,2
MUNICIPALIDAD DISTRITAL DE SAN JUAN DE TARUCANI,MUNICIPALIDAD DISTRITAL DE SAN JUAN DE TARUCANI,.67960024,.24879541,.88166136,-.11385185,-1.2117864,.83614588,3,2,1
MUNICIPALIDAD DISTRITAL DE SAN JUAN DE YANAC,MUNICIPALIDAD DISTRITAL DE SAN JUAN DE YANAC,.662076,.89721346,.94598764,-.23557861,1.2062078,1.3391432,1,1,3
MUNICIPALIDAD DISTRITAL DE SAN JUAN DEL ORO,MUNICIPALIDAD DISTRITAL DE SAN JUAN DEL ORO,.86036801,.4691149,.75871956,1.1417959,-.39020035,-.12519334,2,3,2
MUNICIPALIDAD DISTRITAL DE SAN LORENZO,MUNICIPALIDAD DISTRITAL DE SAN LORENZO,.89554459,.16975982,.72198963,1.3861392,-1.5065154,-.41240183,3,2,1
MUNICIPALIDAD DISTRITAL DE SAN LORENZO DE QUINTI,MUNICIPALIDAD DISTRITAL DE SAN LORENZO DE QUINTI,.96380198,.56850028,.78939396,1.8602682,-.019585645,.11466408,2,3,2
MUNICIPALIDAD DISTRITAL DE SAN LUIS,MUNICIPALIDAD DISTRITAL DE SAN LUIS,.64488,.71176034,.82046252,-.35502535,.51464069,.35760367,1,1,3
MUNICIPALIDAD DISTRITAL DE SAN LUIS DE LUCMA,MUNICIPALIDAD DISTRITAL DE SAN LUIS DE LUCMA,.44016153,.53925598,.75396824,-1.7770393,-.12863961,-.16234617,1,1,3
MUNICIPALIDAD DISTRITAL DE SAN LUIS DE SHUARO,MUNICIPALIDAD DISTRITAL DE SAN LUIS DE SHUARO,.86523622,.74547452,.76463306,1.1756115,.6403631,-.078952968,2,3,2
MUNICIPALIDAD DISTRITAL DE SAN MARCOS,MUNICIPALIDAD DISTRITAL DE SAN MARCOS,.37992033,.98342973,.9973917,-2.1954863,1.5277139,1.7410954,1,1,3
MUNICIPALIDAD DISTRITAL DE SAN MARCOS ROCCHAC,MUNICIPALIDAD DISTRITAL DE SAN MARCOS ROCCHAC,.52810764,.085730694,.61166805,-1.1661487,-1.8198656,-1.2750577,3,2,1
MUNICIPALIDAD DISTRITAL DE SAN MARTIN,MUNICIPALIDAD DISTRITAL DE SAN MARTIN,.83597052,.46236166,.91570079,.97232622,-.41538361,1.1023161,2,3,2
MUNICIPALIDAD DISTRITAL DE SAN MARTIN DE PORRES,MUNICIPALIDAD DISTRITAL DE SAN MARTIN DE PORRES,.87809449,.77482021,.71456081,1.2649275,.74979514,-.47049126,2,3,2
MUNICIPALIDAD DISTRITAL DE SAN MATEO,MUNICIPALIDAD DISTRITAL DE SAN MATEO,.82454616,.91208398,.96038163,.89297044,1.2616609,1.4516964,2,3,2
MUNICIPALIDAD DISTRITAL DE SAN MATEO DE OTAO,MUNICIPALIDAD DISTRITAL DE SAN MATEO DE OTAO,.77141088,.83851343,.87202382,.52388257,.98731142,.76078546,2,3,2
MUNICIPALIDAD DISTRITAL DE SAN MIGUEL,MUNICIPALIDAD DISTRITAL DE SAN MIGUEL,.83054602,.81487966,.91730797,.93464661,.89917946,1.1148834,2,3,2
MUNICIPALIDAD DISTRITAL DE SAN MIGUEL CHACCRAMPA,MUNICIPALIDAD DISTRITAL DE SAN MIGUEL CHACCRAMPA,.81485176,.68604398,.83157891,.82563126,.41874263,.44452786,2,3,2
MUNICIPALIDAD DISTRITAL DE SAN MIGUEL DE ACO,MUNICIPALIDAD DISTRITAL DE SAN MIGUEL DE ACO,.76697493,.60368145,.84978068,.49306956,.11160726,.58685601,2,3,2
MUNICIPALIDAD DISTRITAL DE SAN MIGUEL DE ACOS,MUNICIPALIDAD DISTRITAL DE SAN MIGUEL DE ACOS,.83897841,.35048807,.46999407,.99321961,-.83256769,-2.3828726,3,2,1
MUNICIPALIDAD DISTRITAL DE SAN MIGUEL DE CAURI,MUNICIPALIDAD DISTRITAL DE SAN MIGUEL DE CAURI,.63169384,.25479937,.68842596,-.44661891,-1.1893972,-.67485183,3,2,1
MUNICIPALIDAD DISTRITAL DE SAN MIGUEL DE CORPANQUI,MUNICIPALIDAD DISTRITAL DE SAN MIGUEL DE CORPANQUI,.48340347,.94594055,.78842592,-1.4766724,1.3879143,.10709453,1,1,3
MUNICIPALIDAD DISTRITAL DE SAN MIGUEL DE EL FAIQUE,MUNICIPALIDAD DISTRITAL DE SAN MIGUEL DE EL FAIQUE,.65049052,.27043816,.66858679,-.31605354,-1.1310791,-.82998353,3,2,1
MUNICIPALIDAD DISTRITAL DE SAN MIGUEL DE MAYOCC,MUNICIPALIDAD DISTRITAL DE SAN MIGUEL DE MAYOCC,.5633803,.68175882,.73544973,-.92113793,.40276301,-.30715102,1,1,3
MUNICIPALIDAD DISTRITAL DE SAN NICOLAS,MUNICIPALIDAD DISTRITAL DE SAN NICOLAS,.56974441,.92404759,.8449074,-.87693161,1.3062739,.54874957,1,1,3
MUNICIPALIDAD DISTRITAL DE SAN PABLO,MUNICIPALIDAD DISTRITAL DE SAN PABLO,.80270344,.61322725,.85933423,.7412467,.14720421,.66155964,2,3,2
MUNICIPALIDAD DISTRITAL DE SAN PABLO DE PILLAO,MUNICIPALIDAD DISTRITAL DE SAN PABLO DE PILLAO,.66970521,.54727554,.7998668,-.18258461,-.098734103,.19655605,1,1,3
MUNICIPALIDAD DISTRITAL DE SAN PEDRO,MUNICIPALIDAD DISTRITAL DE SAN PEDRO,.6261459,.62428623,.80727553,-.485156,.1884439,.25448844,1,1,3
MUNICIPALIDAD DISTRITAL DE SAN PEDRO DE CACHORA,MUNICIPALIDAD DISTRITAL DE SAN PEDRO DE CACHORA,.82649714,.81174076,.80339104,.90652227,.8874743,.22411376,2,3,2
MUNICIPALIDAD DISTRITAL DE SAN PEDRO DE CAJAS,MUNICIPALIDAD DISTRITAL DE SAN PEDRO DE CAJAS,.57723475,.7291953,.72649574,-.8249023,.57965678,-.37716642,1,1,3
MUNICIPALIDAD DISTRITAL DE SAN PEDRO DE CHANA,MUNICIPALIDAD DISTRITAL DE SAN PEDRO DE CHANA,.51383948,.96055114,.99122804,-1.265258,1.4423982,1.6928989,1,1,3
MUNICIPALIDAD DISTRITAL DE SAN PEDRO DE CHAULAN,MUNICIPALIDAD DISTRITAL DE SAN PEDRO DE CHAULAN,.67968261,.28343907,.78615195,-.11327967,-1.0825979,.089313239,3,2,1
MUNICIPALIDAD DISTRITAL DE SAN PEDRO DE CHUNAN,MUNICIPALIDAD DISTRITAL DE SAN PEDRO DE CHUNAN,.74544841,.37203023,.82110178,.34354222,-.75223553,.36260232,3,2,1
MUNICIPALIDAD DISTRITAL DE SAN PEDRO DE CORIS,MUNICIPALIDAD DISTRITAL DE SAN PEDRO DE CORIS,.83445954,.21930692,.79887956,.96183068,-1.321751,.18883643,3,2,1
MUNICIPALIDAD DISTRITAL DE SAN PEDRO DE HUACARPANA,MUNICIPALIDAD DISTRITAL DE SAN PEDRO DE HUACARPANA,.79287791,.53693908,.89389265,.6729967,-.13727945,.93178803,2,3,2
MUNICIPALIDAD DISTRITAL DE SAN PEDRO DE HUANCAYRE,MUNICIPALIDAD DISTRITAL DE SAN PEDRO DE HUANCAYRE,.64082468,.8302604,.73333335,-.38319439,.95653528,-.32370001,1,1,3
MUNICIPALIDAD DISTRITAL DE SAN PEDRO DE LARAOS,MUNICIPALIDAD DISTRITAL DE SAN PEDRO DE LARAOS,.91287601,.88227493,.86434835,1.5065266,1.1505009,.7007674,2,3,2
MUNICIPALIDAD DISTRITAL DE SAN PEDRO DE LARCAY,MUNICIPALIDAD DISTRITAL DE SAN PEDRO DE LARCAY,.49300238,.83819306,.72500002,-1.4099965,.98611671,-.38886216,1,1,3
MUNICIPALIDAD DISTRITAL DE SAN PEDRO DE PALCO,MUNICIPALIDAD DISTRITAL DE SAN PEDRO DE PALCO,.53882551,.38449511,.54899073,-1.0917002,-.70575321,-1.7651609,3,2,1
MUNICIPALIDAD DISTRITAL DE SAN PEDRO DE PILAS,MUNICIPALIDAD DISTRITAL DE SAN PEDRO DE PILAS,.6702438,.81608903,.74285716,-.17884348,.90368932,-.24922889,1,1,3
MUNICIPALIDAD DISTRITAL DE SAN PEDRO DE PILLAO,MUNICIPALIDAD DISTRITAL DE SAN PEDRO DE PILLAO,.59972537,.91839135,.86785716,-.6686781,1.2851814,.72820443,1,1,3
MUNICIPALIDAD DISTRITAL DE SAN PEDRO DE PUTINA PUNCO,MUNICIPALIDAD DISTRITAL DE SAN PEDRO DE PUTINA PUNCO,.75946838,.78694892,.8597222,.44092762,.79502386,.66459334,2,3,2
MUNICIPALIDAD DISTRITAL DE SAN RAFAEL,MUNICIPALIDAD DISTRITAL DE SAN RAFAEL,.7688489,.14242297,.72883594,.50608653,-1.6084563,-.35886735,3,2,1
MUNICIPALIDAD DISTRITAL DE SAN RAMON,MUNICIPALIDAD DISTRITAL DE SAN RAMON,.70132607,.68804848,.82680434,.037059966,.42621756,.40719327,2,3,2
MUNICIPALIDAD DISTRITAL DE SAN ROQUE DE CUMBAZA,MUNICIPALIDAD DISTRITAL DE SAN ROQUE DE CUMBAZA,.68669999,.55973834,.67388171,-.06453564,-.052259512,-.78858012,3,2,1
MUNICIPALIDAD DISTRITAL DE SAN SALVADOR,MUNICIPALIDAD DISTRITAL DE SAN SALVADOR,.87247914,.91703719,.82788378,1.2259221,1.2801317,.41563392,2,3,2
MUNICIPALIDAD DISTRITAL DE SAN SALVADOR DE QUIJE,MUNICIPALIDAD DISTRITAL DE SAN SALVADOR DE QUIJE,.28748715,.79380774,.66984129,-2.8375449,.82060093,-.82017404,1,1,3
MUNICIPALIDAD DISTRITAL DE SAN SEBASTIAN,MUNICIPALIDAD DISTRITAL DE SAN SEBASTIAN,.63565546,.92017609,.94527709,-.41910073,1.2918369,1.3335871,1,1,3
MUNICIPALIDAD DISTRITAL DE SAN SILVESTRE DE COCHAN,MUNICIPALIDAD DISTRITAL DE SAN SILVESTRE DE COCHAN,.7254473,.17243221,.70505977,.20461065,-1.4965498,-.54478431,3,2,1
MUNICIPALIDAD DISTRITAL DE SANAGORAN,MUNICIPALIDAD DISTRITAL DE SANAGORAN,.48301804,.66273481,.83232325,-1.4793496,.33182117,.45034823,1,1,3
MUNICIPALIDAD DISTRITAL DE SANCOS,MUNICIPALIDAD DISTRITAL DE SANCOS,.70017231,.88915932,.91157413,.029045679,1.1761733,1.0700477,2,3,2
MUNICIPALIDAD DISTRITAL DE SANGALLAYA,MUNICIPALIDAD DISTRITAL DE SANGALLAYA,.77760834,.85448962,.87355453,.56693125,1.0468876,.77275479,2,3,2
MUNICIPALIDAD DISTRITAL DE SANGARARA,MUNICIPALIDAD DISTRITAL DE SANGARARA,.84699827,.83674061,.79356062,1.0489272,.98070043,.14724515,2,3,2
MUNICIPALIDAD DISTRITAL DE SANTA,MUNICIPALIDAD DISTRITAL DE SANTA,.67146021,.82150406,.85178143,-.17039405,.92388231,.6025008,1,1,3
MUNICIPALIDAD DISTRITAL DE SANTA ANA,MUNICIPALIDAD DISTRITAL DE SANTA ANA,.52764452,.79587269,.89085299,-1.1693655,.82830119,.90801954,1,1,3
MUNICIPALIDAD DISTRITAL DE SANTA ANA DE HUAYCAHUACHO,MUNICIPALIDAD DISTRITAL DE SANTA ANA DE HUAYCAHUACHO,.2753607,.42855516,.67724866,-2.9217775,-.54145032,-.76225239,1,1,3
MUNICIPALIDAD DISTRITAL DE SANTA ANA DE TUSI,MUNICIPALIDAD DISTRITAL DE SANTA ANA DE TUSI,.55002344,.95879149,.9098087,-1.0139173,1.4358363,1.0562431,1,1,3
MUNICIPALIDAD DISTRITAL DE SANTA ANITA,MUNICIPALIDAD DISTRITAL DE SANTA ANITA,.67588019,.89881432,.93020058,-.13969201,1.2121774,1.2156967,1,1,3
MUNICIPALIDAD DISTRITAL DE SANTA BARBARA DE CARHUACAYAN,MUNICIPALIDAD DISTRITAL DE SANTA BARBARA DE CARHUACAYAN,.71278238,.98949689,.97214204,.11663771,1.5503387,1.5436566,2,3,2
MUNICIPALIDAD DISTRITAL DE SANTA CATALINA,MUNICIPALIDAD DISTRITAL DE SANTA CATALINA,.92447281,.21030895,.46889952,1.5870801,-1.355305,-2.3914316,3,2,1
MUNICIPALIDAD DISTRITAL DE SANTA CATALINA DE MOSSA,MUNICIPALIDAD DISTRITAL DE SANTA CATALINA DE MOSSA,.55893838,.25323313,.33416668,-.95199233,-1.1952379,-3.4449704,3,2,1
MUNICIPALIDAD DISTRITAL DE SANTA CRUZ,MUNICIPALIDAD DISTRITAL DE SANTA CRUZ,.6529448,.55791026,.78624004,-.29900566,-.059076522,.090002105,1,1,3
MUNICIPALIDAD DISTRITAL DE SANTA CRUZ DE ANDAMARCA,MUNICIPALIDAD DISTRITAL DE SANTA CRUZ DE ANDAMARCA,.59869868,.78562915,.8922559,-.67580968,.79010236,.91898954,1,1,3
MUNICIPALIDAD DISTRITAL DE SANTA CRUZ DE CHUCA,MUNICIPALIDAD DISTRITAL DE SANTA CRUZ DE CHUCA,.54533333,.16230299,.70303029,-1.0464957,-1.5343224,-.56065375,3,2,1
MUNICIPALIDAD DISTRITAL DE SANTA CRUZ DE COCACHACRA,MUNICIPALIDAD DISTRITAL DE SANTA CRUZ DE COCACHACRA,.80314553,.32283908,.65291005,.74431753,-.93567264,-.95256728,3,2,1
MUNICIPALIDAD DISTRITAL DE SANTA CRUZ DE FLORES,MUNICIPALIDAD DISTRITAL DE SANTA CRUZ DE FLORES,.56103945,.55569357,.68823528,-.93739796,-.067342736,-.67634279,1,1,1
MUNICIPALIDAD DISTRITAL DE SANTA CRUZ DE TOLEDO,MUNICIPALIDAD DISTRITAL DE SANTA CRUZ DE TOLEDO,.89537019,.69159168,.7904762,1.3849277,.43943039,.12312663,2,3,2
MUNICIPALIDAD DISTRITAL DE SANTA EULALIA,MUNICIPALIDAD DISTRITAL DE SANTA EULALIA,.94364041,.71089762,.77092731,1.720222,.51142353,-.029735284,2,3,2
MUNICIPALIDAD DISTRITAL DE SANTA ISABEL DE SIGUAS,MUNICIPALIDAD DISTRITAL DE SANTA ISABEL DE SIGUAS,.65904045,.30829284,.83055556,-.2566641,-.98991656,.43652579,3,2,1
MUNICIPALIDAD DISTRITAL DE SANTA LEONOR,MUNICIPALIDAD DISTRITAL DE SANTA LEONOR,.91333175,.38069335,.62380952,1.5096922,-.71993023,-1.180118,3,2,1
MUNICIPALIDAD DISTRITAL DE SANTA LUCIA,MUNICIPALIDAD DISTRITAL DE SANTA LUCIA,.70688009,.37557188,.71217942,.075639263,-.73902851,-.48911241,3,2,1
MUNICIPALIDAD DISTRITAL DE SANTA MARIA,MUNICIPALIDAD DISTRITAL DE SANTA MARIA,.53854084,.65820456,.88626045,-1.0936776,.31492758,.87210834,1,1,3
MUNICIPALIDAD DISTRITAL DE SANTA MARIA DE CHICMO,MUNICIPALIDAD DISTRITAL DE SANTA MARIA DE CHICMO,.75234807,.83159637,.92935038,.39146855,.96151721,1.2090485,2,3,2
MUNICIPALIDAD DISTRITAL DE SANTA MARIA DEL MAR,MUNICIPALIDAD DISTRITAL DE SANTA MARIA DEL MAR,.72746342,.8338446,.70833331,.21861506,.96990103,-.51918691,2,3,2
MUNICIPALIDAD DISTRITAL DE SANTA MARIA DEL VALLE,MUNICIPALIDAD DISTRITAL DE SANTA MARIA DEL VALLE,.74555397,.5505842,.77159649,.34427547,-.086395912,-.024502642,2,3,2
MUNICIPALIDAD DISTRITAL DE SANTA RITA DE SIGUAS,MUNICIPALIDAD DISTRITAL DE SANTA RITA DE SIGUAS,.72035062,.54871029,.92063493,.16920817,-.093383849,1.1408983,2,3,2
MUNICIPALIDAD DISTRITAL DE SANTA ROSA,MUNICIPALIDAD DISTRITAL DE SANTA ROSA,.68623322,.26323256,.74457818,-.067777872,-1.1579493,-.2357714,3,2,1
MUNICIPALIDAD DISTRITAL DE SANTA ROSA DE ALTO YANAJANCA,MUNICIPALIDAD DISTRITAL DE SANTA ROSA DE ALTO YANAJANCA,.35608417,.49040893,.58315021,-2.3610568,-.31079349,-1.498052,3,2,1
MUNICIPALIDAD DISTRITAL DE SANTA ROSA DE OCOPA,MUNICIPALIDAD DISTRITAL DE SANTA ROSA DE OCOPA,.71731395,.3850044,.7346465,.14811482,-.70385402,-.31343186,3,2,1
MUNICIPALIDAD DISTRITAL DE SANTA ROSA DE QUIVES,MUNICIPALIDAD DISTRITAL DE SANTA ROSA DE QUIVES,.52097017,.15627037,.52861613,-1.2157269,-1.5568185,-1.9244794,3,2,1
MUNICIPALIDAD DISTRITAL DE SANTA ROSA DE SACCO,MUNICIPALIDAD DISTRITAL DE SANTA ROSA DE SACCO,.7116217,.98891819,.97438926,.1085754,1.5481807,1.5612285,2,3,2
MUNICIPALIDAD DISTRITAL DE SANTA TERESA,MUNICIPALIDAD DISTRITAL DE SANTA TERESA,.89175117,.92809749,.92925352,1.3597894,1.3213763,1.2082912,2,3,2
MUNICIPALIDAD DISTRITAL DE SANTIAGO,MUNICIPALIDAD DISTRITAL DE SANTIAGO,.6611855,.96423131,.96457481,-.24176416,1.4561218,1.4844849,1,1,3
MUNICIPALIDAD DISTRITAL DE SANTIAGO DE ANCHUCAYA,MUNICIPALIDAD DISTRITAL DE SANTIAGO DE ANCHUCAYA,.89433312,.12842475,.61309522,1.3777242,-1.6606566,-1.263898,3,2,1
MUNICIPALIDAD DISTRITAL DE SANTIAGO DE CAO,MUNICIPALIDAD DISTRITAL DE SANTIAGO DE CAO,.5700413,.27935955,.69001538,-.87486935,-1.0978107,-.66242343,3,2,1
MUNICIPALIDAD DISTRITAL DE SANTIAGO DE CHALLAS,MUNICIPALIDAD DISTRITAL DE SANTIAGO DE CHALLAS,.92001462,.33077201,.81674719,1.5561128,-.9060902,.32855171,2,3,2
MUNICIPALIDAD DISTRITAL DE SANTIAGO DE CHILCAS,MUNICIPALIDAD DISTRITAL DE SANTIAGO DE CHILCAS,.63444316,.60512471,.84410685,-.42752159,.1169893,.54248971,1,1,3
MUNICIPALIDAD DISTRITAL DE SANTIAGO DE CHOCORVOS,MUNICIPALIDAD DISTRITAL DE SANTIAGO DE CHOCORVOS,.46052143,.88035142,.95928031,-1.6356155,1.1433281,1.4430847,1,1,3
MUNICIPALIDAD DISTRITAL DE SANTIAGO DE LUCANAMARCA,MUNICIPALIDAD DISTRITAL DE SANTIAGO DE LUCANAMARCA,.42430109,.76273179,.62962121,-1.8872089,.70471662,-1.1346736,1,1,3
MUNICIPALIDAD DISTRITAL DE SANTIAGO DE PAUCARAY,MUNICIPALIDAD DISTRITAL DE SANTIAGO DE PAUCARAY,.15980376,.98369914,.66269845,-3.7244582,1.5287186,-.87602723,1,1,3
MUNICIPALIDAD DISTRITAL DE SANTIAGO DE PISCHA,MUNICIPALIDAD DISTRITAL DE SANTIAGO DE PISCHA,.5084483,.059507005,.5,-1.3027061,-1.9176555,-2.1482422,3,2,1
MUNICIPALIDAD DISTRITAL DE SANTIAGO DE PUPUJA,MUNICIPALIDAD DISTRITAL DE SANTIAGO DE PUPUJA,.5007984,.77647775,.63694209,-1.3558438,.7559762,-1.0774282,1,1,3
MUNICIPALIDAD DISTRITAL DE SANTIAGO DE QUIRAHUARA,MUNICIPALIDAD DISTRITAL DE SANTIAGO DE QUIRAHUARA,.86273748,.44230121,.66772485,1.1582546,-.49019039,-.83672345,3,2,1
MUNICIPALIDAD DISTRITAL DE SANTIAGO DE SURCO,MUNICIPALIDAD DISTRITAL DE SANTIAGO DE SURCO,.87609071,.99917984,.98333335,1.2510087,1.5864471,1.6311666,2,3,2
MUNICIPALIDAD DISTRITAL DE SANTIAGO DE TUCUMA,MUNICIPALIDAD DISTRITAL DE SANTIAGO DE TUCUMA,.78571814,.5620265,.6896981,.62326354,-.043726798,-.66490436,3,2,1
MUNICIPALIDAD DISTRITAL DE SANTIAGO DE TUNA,MUNICIPALIDAD DISTRITAL DE SANTIAGO DE TUNA,.80396068,.87723821,.85277778,.74997973,1.1317186,.61029172,2,3,2
MUNICIPALIDAD DISTRITAL DE SANTILLANA,MUNICIPALIDAD DISTRITAL DE SANTILLANA,.596017,.44769979,.79305553,-.69443709,-.47005874,.14329562,1,1,3
MUNICIPALIDAD DISTRITAL DE SANTO DOMINGO,MUNICIPALIDAD DISTRITAL DE SANTO DOMINGO,.71836787,.078837447,.30670962,.15543561,-1.8455709,-3.6596699,3,2,1
MUNICIPALIDAD DISTRITAL DE SANTO DOMINGO DE ACOBAMBA,MUNICIPALIDAD DISTRITAL DE SANTO DOMINGO DE ACOBAMBA,.8679226,.60468835,.81753814,1.1942716,.11536206,.33473656,2,3,2
MUNICIPALIDAD DISTRITAL DE SANTO DOMINGO DE ANDA,MUNICIPALIDAD DISTRITAL DE SANTO DOMINGO DE ANDA,.83305448,.76173091,.6793651,.95207089,.70098424,-.74570292,2,3,2
MUNICIPALIDAD DISTRITAL DE SANTO DOMINGO DE CAPILLAS,MUNICIPALIDAD DISTRITAL DE SANTO DOMINGO DE CAPILLAS,.59805143,.52896798,.6825397,-.6803056,-.16700424,-.7208792,3,2,1
MUNICIPALIDAD DISTRITAL DE SANTO DOMINGO DE LA CAPILLA,MUNICIPALIDAD DISTRITAL DE SANTO DOMINGO DE LA CAPILLA,.77695596,.29854152,.68592596,.56239974,-1.0262798,-.69440049,3,2,1
MUNICIPALIDAD DISTRITAL DE SANTO DOMINGO DE LOS OLLEROS,MUNICIPALIDAD DISTRITAL DE SANTO DOMINGO DE LOS OLLEROS,.73138022,.39612445,.76172841,.24582189,-.6623866,-.1016658,3,2,1
MUNICIPALIDAD DISTRITAL DE SANTO TOMAS,MUNICIPALIDAD DISTRITAL DE SANTO TOMAS,.7016201,.49513364,.62304461,.039102357,-.29317474,-1.1860991,3,2,1
MUNICIPALIDAD DISTRITAL DE SANTO TOMAS DE PATA,MUNICIPALIDAD DISTRITAL DE SANTO TOMAS DE PATA,.61211127,.61747319,.61247563,-.58264321,.16303758,-1.2687428,3,2,1
MUNICIPALIDAD DISTRITAL DE SANTO TORIBIO,MUNICIPALIDAD DISTRITAL DE SANTO TORIBIO,.68347645,.51067919,.78150451,-.086926959,-.23520435,.05297279,3,2,1
MUNICIPALIDAD DISTRITAL DE SAPALLANGA,MUNICIPALIDAD DISTRITAL DE SAPALLANGA,.73978317,.68319631,.82192498,.30419037,.40812349,.36903933,2,3,2
MUNICIPALIDAD DISTRITAL DE SAPILLICA,MUNICIPALIDAD DISTRITAL DE SAPILLICA,.55202663,.31733885,.54445791,-1.0000027,-.95618331,-1.8006052,3,2,1
MUNICIPALIDAD DISTRITAL DE SAQUENA,MUNICIPALIDAD DISTRITAL DE SAQUENA,.82992142,.97243083,.69444442,.93030804,1.4866983,-.62779069,2,3,2
MUNICIPALIDAD DISTRITAL DE SARA SARA,MUNICIPALIDAD DISTRITAL DE SARA SARA,.6367237,.68986034,.85238093,-.41168058,.43297413,.60718858,1,1,3
MUNICIPALIDAD DISTRITAL DE SARAYACU,MUNICIPALIDAD DISTRITAL DE SARAYACU,.72454482,.43673089,.86218321,.19834189,-.51096249,.68383718,2,3,2
MUNICIPALIDAD DISTRITAL DE SARHUA,MUNICIPALIDAD DISTRITAL DE SARHUA,.21831359,.94034606,.89682537,-3.3180377,1.3670521,.95472038,1,1,3
MUNICIPALIDAD DISTRITAL DE SARIN,MUNICIPALIDAD DISTRITAL DE SARIN,.75257355,.32379267,.7951389,.39303482,-.93211663,.1595864,3,2,1
MUNICIPALIDAD DISTRITAL DE SARTIMBAMBA,MUNICIPALIDAD DISTRITAL DE SARTIMBAMBA,.675161,.50182968,.87549406,-.14468764,-.26820475,.78792095,1,1,3
MUNICIPALIDAD DISTRITAL DE SAUCE,MUNICIPALIDAD DISTRITAL DE SAUCE,.77660632,.44329333,.73782051,.55997109,-.4864907,-.28861281,3,2,1
MUNICIPALIDAD DISTRITAL DE SAUCEPAMPA,MUNICIPALIDAD DISTRITAL DE SAUCEPAMPA,.73038173,.61018389,.75,.23888615,.13585533,-.19337568,2,3,2
MUNICIPALIDAD DISTRITAL DE SAURAMA,MUNICIPALIDAD DISTRITAL DE SAURAMA,.68869978,.78108871,.58008659,-.050644677,.77317077,-1.5220079,3,2,1
MUNICIPALIDAD DISTRITAL DE SAUSA,MUNICIPALIDAD DISTRITAL DE SAUSA,.79922938,.56576884,.64858061,.71711522,-.029771375,-.98642117,3,2,1
MUNICIPALIDAD DISTRITAL DE SAYAN,MUNICIPALIDAD DISTRITAL DE SAYAN,.73284674,.59103811,.82730573,.25600857,.064459413,.41111392,2,3,2
MUNICIPALIDAD DISTRITAL DE SAYAPULLO,MUNICIPALIDAD DISTRITAL DE SAYAPULLO,.72329009,.46416974,.65805066,.18962623,-.40864119,-.9123705,3,2,1
MUNICIPALIDAD DISTRITAL DE SAYLA,MUNICIPALIDAD DISTRITAL DE SAYLA,.47088966,.076296136,.70299149,-1.5635958,-1.8550477,-.56095719,3,2,1
MUNICIPALIDAD DISTRITAL DE SAYLLA,MUNICIPALIDAD DISTRITAL DE SAYLLA,.8221513,.66495943,.81202537,.87633532,.34011695,.29162961,2,3,2
MUNICIPALIDAD DISTRITAL DE SAÑAYCA,MUNICIPALIDAD DISTRITAL DE SAÑAYCA,.57849282,.69251525,.8888889,-.81616348,.44287446,.89266139,1,1,3
MUNICIPALIDAD DISTRITAL DE SAÑO,MUNICIPALIDAD DISTRITAL DE SAÑO,.57643574,.18352759,.76666665,-.83045232,-1.4551744,-.063051365,3,2,1
MUNICIPALIDAD DISTRITAL DE SECCLLA,MUNICIPALIDAD DISTRITAL DE SECCLLA,.82196885,.51186061,.70101011,.87506795,-.23079875,-.57645047,3,2,1
MUNICIPALIDAD DISTRITAL DE SEPAHUA,MUNICIPALIDAD DISTRITAL DE SEPAHUA,.79707146,.9164167,.8636111,.70212585,1.2778178,.6950025,2,3,2
MUNICIPALIDAD DISTRITAL DE SEXI,MUNICIPALIDAD DISTRITAL DE SEXI,.55231911,.86207944,.7724359,-.99797112,1.0751907,-.017938888,1,1,3
MUNICIPALIDAD DISTRITAL DE SHAMBOYACU,MUNICIPALIDAD DISTRITAL DE SHAMBOYACU,.90815985,.14261012,.73846155,1.4737673,-1.6077584,-.28360018,3,2,1
MUNICIPALIDAD DISTRITAL DE SHANAO,MUNICIPALIDAD DISTRITAL DE SHANAO,.78829366,.13701351,.72435898,.64115357,-1.6286286,-.39387479,3,2,1
MUNICIPALIDAD DISTRITAL DE SHAPAJA,MUNICIPALIDAD DISTRITAL DE SHAPAJA,.51264817,.46370098,.6388889,-1.2735331,-.41038921,-1.0622052,3,2,1
MUNICIPALIDAD DISTRITAL DE SHATOJA,MUNICIPALIDAD DISTRITAL DE SHATOJA,.7570616,.68877929,.73048431,.42420968,.4289428,-.34597799,2,3,2
MUNICIPALIDAD DISTRITAL DE SHILLA,MUNICIPALIDAD DISTRITAL DE SHILLA,.75817651,.63913465,.77946126,.43195403,.24381462,.036995687,2,3,2
MUNICIPALIDAD DISTRITAL DE SHIPASBAMBA,MUNICIPALIDAD DISTRITAL DE SHIPASBAMBA,.69732875,.25206277,.65007216,.0092937723,-1.1996022,-.97475809,3,2,1
MUNICIPALIDAD DISTRITAL DE SHUNQUI,MUNICIPALIDAD DISTRITAL DE SHUNQUI,.51697171,.91406447,.8888889,-1.2435009,1.2690462,.89266139,1,1,3
MUNICIPALIDAD DISTRITAL DE SHUNTE,MUNICIPALIDAD DISTRITAL DE SHUNTE,.58866549,.48926809,.51426029,-.74550217,-.31504774,-2.0367343,3,2,1
MUNICIPALIDAD DISTRITAL DE SHUPLUY,MUNICIPALIDAD DISTRITAL DE SHUPLUY,.43776864,.69179308,.81430036,-1.7936608,.44018143,.3094188,1,1,3
MUNICIPALIDAD DISTRITAL DE SIBAYO,MUNICIPALIDAD DISTRITAL DE SIBAYO,.75322253,.20876189,.70873016,.39754272,-1.3610741,-.51608378,3,2,1
MUNICIPALIDAD DISTRITAL DE SICAYA,MUNICIPALIDAD DISTRITAL DE SICAYA,.71768576,.097801201,.784127,.1506975,-1.7748538,.073479228,3,2,1
MUNICIPALIDAD DISTRITAL DE SICCHEZ,MUNICIPALIDAD DISTRITAL DE SICCHEZ,.64143133,.04080262,.4113456,-.37898043,-1.9874054,-2.8414724,3,2,1
MUNICIPALIDAD DISTRITAL DE SICSIBAMBA,MUNICIPALIDAD DISTRITAL DE SICSIBAMBA,.64781708,.49743292,.83300656,-.33462384,-.28460059,.45569134,1,1,3
MUNICIPALIDAD DISTRITAL DE SILLAPATA,MUNICIPALIDAD DISTRITAL DE SILLAPATA,.53548086,.64214242,.78333336,-1.1149329,.25503078,.067273416,1,1,3
MUNICIPALIDAD DISTRITAL DE SIMBAL,MUNICIPALIDAD DISTRITAL DE SIMBAL,.61779666,.38684285,.6889118,-.54315144,-.6969983,-.67105281,3,2,1
MUNICIPALIDAD DISTRITAL DE SIMON BOLIVAR,MUNICIPALIDAD DISTRITAL DE SIMON BOLIVAR,.71300942,.90939218,.84670782,.11821473,1.2516229,.56282789,2,3,2
MUNICIPALIDAD DISTRITAL DE SINA,MUNICIPALIDAD DISTRITAL DE SINA,.76575166,.46578649,.79281384,.4845725,-.40261224,.14140569,2,3,2
MUNICIPALIDAD DISTRITAL DE SINCOS,MUNICIPALIDAD DISTRITAL DE SINCOS,.71288836,.22640088,.73386031,.11737385,-1.2952971,-.31957942,3,2,1
MUNICIPALIDAD DISTRITAL DE SINGA,MUNICIPALIDAD DISTRITAL DE SINGA,.54190344,.82524067,.79273504,-1.0703204,.93781638,.14078952,1,1,3
MUNICIPALIDAD DISTRITAL DE SINSICAP,MUNICIPALIDAD DISTRITAL DE SINSICAP,.63935304,.49373019,.86130607,-.39341667,-.2984083,.67697841,1,1,3
MUNICIPALIDAD DISTRITAL DE SITABAMBA,MUNICIPALIDAD DISTRITAL DE SITABAMBA,.63874286,.14084072,.81972176,-.39765504,-1.6143566,.35181126,3,2,1
MUNICIPALIDAD DISTRITAL DE SITACOCHA,MUNICIPALIDAD DISTRITAL DE SITACOCHA,.7185604,.44958037,.75514877,.15677291,-.4630459,-.15311506,3,2,1
MUNICIPALIDAD DISTRITAL DE SITAJARA,MUNICIPALIDAD DISTRITAL DE SITAJARA,.73567742,.72693193,.87179488,.27567106,.57121652,.75899529,2,3,2
MUNICIPALIDAD DISTRITAL DE SIVIA,MUNICIPALIDAD DISTRITAL DE SIVIA,.78248197,.39731646,.67429489,.60078448,-.65794152,-.78534925,3,2,1
MUNICIPALIDAD DISTRITAL DE SOCABAYA,MUNICIPALIDAD DISTRITAL DE SOCABAYA,.4319059,.92254776,.97224373,-1.8343844,1.300681,1.5444517,1,1,3
MUNICIPALIDAD DISTRITAL DE SOCOS,MUNICIPALIDAD DISTRITAL DE SOCOS,.66301203,.46874118,.64864826,-.22907676,-.39159399,-.98589218,3,2,1
MUNICIPALIDAD DISTRITAL DE SOCOTA,MUNICIPALIDAD DISTRITAL DE SOCOTA,.9039458,.23570628,.65283948,1.4444957,-1.2605966,-.9531191,3,2,1
MUNICIPALIDAD DISTRITAL DE SOLOCO,MUNICIPALIDAD DISTRITAL DE SOLOCO,.75232071,.17736274,.55331707,.39127854,-1.4781636,-1.7313312,3,2,1
MUNICIPALIDAD DISTRITAL DE SONCHE,MUNICIPALIDAD DISTRITAL DE SONCHE,.53999549,.33045262,.8107143,-1.0835733,-.90728122,.28137779,1,1,3
MUNICIPALIDAD DISTRITAL DE SONDOR,MUNICIPALIDAD DISTRITAL DE SONDOR,.73166835,.23433532,.66075987,.2478233,-1.265709,-.89118588,3,2,1
MUNICIPALIDAD DISTRITAL DE SONDORILLO,MUNICIPALIDAD DISTRITAL DE SONDORILLO,.80351067,.30833596,.64588195,.74685383,-.98975575,-1.0075233,3,2,1
MUNICIPALIDAD DISTRITAL DE SOPLIN,MUNICIPALIDAD DISTRITAL DE SOPLIN,.89126003,.92223239,.78888887,1.3563778,1.299505,.11071455,2,3,2
MUNICIPALIDAD DISTRITAL DE SORAS,MUNICIPALIDAD DISTRITAL DE SORAS,.3286882,.9917025,.8214286,-2.5513544,1.5585636,.36515784,1,1,3
MUNICIPALIDAD DISTRITAL DE SORAYA,MUNICIPALIDAD DISTRITAL DE SORAYA,.87785453,.58571202,.70955712,1.2632606,.044598065,-.50961745,2,3,2
MUNICIPALIDAD DISTRITAL DE SORITOR,MUNICIPALIDAD DISTRITAL DE SORITOR,.74507105,.17881323,.69855076,.34092104,-1.4727546,-.59568125,3,2,1
MUNICIPALIDAD DISTRITAL DE SOROCHUCO,MUNICIPALIDAD DISTRITAL DE SOROCHUCO,.36893684,.42189789,.72727275,-2.2717798,-.56627572,-.37109065,1,1,3
MUNICIPALIDAD DISTRITAL DE SUBTANJALLA,MUNICIPALIDAD DISTRITAL DE SUBTANJALLA,.47691664,.98598826,.97728246,-1.5217311,1.5372548,1.5838519,1,1,3
MUNICIPALIDAD DISTRITAL DE SUCCHA,MUNICIPALIDAD DISTRITAL DE SUCCHA,.72400922,.41748971,.69841272,.19462146,-.58271414,-.59676069,3,2,1
MUNICIPALIDAD DISTRITAL DE SUCRE,MUNICIPALIDAD DISTRITAL DE SUCRE,.54718673,.26395625,.52970225,-1.0336215,-1.1552507,-1.9159865,3,2,1
MUNICIPALIDAD DISTRITAL DE SUITUCANCHA,MUNICIPALIDAD DISTRITAL DE SUITUCANCHA,.73904973,.7861678,.86969697,.29909578,.79211104,.74259079,2,3,2
MUNICIPALIDAD DISTRITAL DE SUMBILCA,MUNICIPALIDAD DISTRITAL DE SUMBILCA,.64560688,.32630152,.54761904,-.3499763,-.92276096,-1.7758868,3,2,1
MUNICIPALIDAD DISTRITAL DE SUNAMPE,MUNICIPALIDAD DISTRITAL DE SUNAMPE,.81002629,.96157891,.99435025,.79211259,1.4462308,1.7173129,2,3,2
MUNICIPALIDAD DISTRITAL DE SUPE,MUNICIPALIDAD DISTRITAL DE SUPE,.50933933,.72242391,.89456356,-1.2965169,.55440581,.93703419,1,1,3
MUNICIPALIDAD DISTRITAL DE SUPE PUERTO,MUNICIPALIDAD DISTRITAL DE SUPE PUERTO,.81580657,.97165626,.96031743,.83226353,1.4838098,1.4511944,2,3,2
MUNICIPALIDAD DISTRITAL DE SURCO,MUNICIPALIDAD DISTRITAL DE SURCO,.87539941,.69745892,.66813189,1.2462069,.46130973,-.83354062,2,3,2
MUNICIPALIDAD DISTRITAL DE SURCUBAMBA,MUNICIPALIDAD DISTRITAL DE SURCUBAMBA,.68312979,.38872048,.75132155,-.089334927,-.68999648,-.18304183,3,2,1
MUNICIPALIDAD DISTRITAL DE SURQUILLO,MUNICIPALIDAD DISTRITAL DE SURQUILLO,.73285794,.97191608,.92478633,.25608641,1.4847788,1.1733601,2,3,2
MUNICIPALIDAD DISTRITAL DE SUSAPAYA,MUNICIPALIDAD DISTRITAL DE SUSAPAYA,.83361304,.38610858,.84365082,.95595074,-.69973648,.53892374,2,3,2
MUNICIPALIDAD DISTRITAL DE SUYCKUTAMBO,MUNICIPALIDAD DISTRITAL DE SUYCKUTAMBO,.9426195,.32103565,.67603993,1.7131306,-.94239771,-.77170396,3,2,1
MUNICIPALIDAD DISTRITAL DE SUYO,MUNICIPALIDAD DISTRITAL DE SUYO,.31229657,.17258433,.53187686,-2.6652138,-1.4959826,-1.8989823,3,2,1
MUNICIPALIDAD DISTRITAL DE TABACONAS,MUNICIPALIDAD DISTRITAL DE TABACONAS,.64951134,.72009093,.86114997,-.32285517,.54570597,.67575777,1,1,3
MUNICIPALIDAD DISTRITAL DE TABALOSOS,MUNICIPALIDAD DISTRITAL DE TABALOSOS,.69851428,.46531799,.70178574,.017528737,-.40435925,-.57038546,3,2,1
MUNICIPALIDAD DISTRITAL DE TACABAMBA,MUNICIPALIDAD DISTRITAL DE TACABAMBA,.67436886,.12069032,.71003658,-.15019003,-1.6894988,-.50586832,3,2,1
MUNICIPALIDAD DISTRITAL DE TAHUAMANU,MUNICIPALIDAD DISTRITAL DE TAHUAMANU,.73965102,.082468599,.77445889,.30327246,-1.8320302,-.0021202506,3,2,1
MUNICIPALIDAD DISTRITAL DE TAHUANIA,MUNICIPALIDAD DISTRITAL DE TAHUANIA,.83484328,.9030894,.93248224,.9644962,1.2281195,1.233538,2,3,2
MUNICIPALIDAD DISTRITAL DE TALAVERA,MUNICIPALIDAD DISTRITAL DE TALAVERA,.70357478,.42250428,.87700891,.052679904,-.56401449,.79976624,2,3,2
MUNICIPALIDAD DISTRITAL DE TAMARINDO,MUNICIPALIDAD DISTRITAL DE TAMARINDO,.69916856,.46170577,.80379188,.022073492,-.41782948,.22724812,3,2,2
MUNICIPALIDAD DISTRITAL DE TAMBILLO,MUNICIPALIDAD DISTRITAL DE TAMBILLO,.50148708,.72370404,.69175625,-1.3510602,.55917954,-.64881074,1,1,3
MUNICIPALIDAD DISTRITAL DE TAMBO,MUNICIPALIDAD DISTRITAL DE TAMBO,.63372308,.67174613,.76882142,-.43252343,.36542502,-.046202235,1,1,3
MUNICIPALIDAD DISTRITAL DE TAMBO DE MORA,MUNICIPALIDAD DISTRITAL DE TAMBO DE MORA,.75892359,.96059841,.96984124,.43714342,1.4425744,1.5256655,2,3,2
MUNICIPALIDAD DISTRITAL DE TAMBO GRANDE,MUNICIPALIDAD DISTRITAL DE TAMBO GRANDE,.56890577,.42560869,.6520592,-.88275695,-.5524379,-.95922047,3,2,1
MUNICIPALIDAD DISTRITAL DE TAMBURCO,MUNICIPALIDAD DISTRITAL DE TAMBURCO,.87733448,.80814564,.85798198,1.2596482,.8740679,.65098578,2,3,2
MUNICIPALIDAD DISTRITAL DE TANTA,MUNICIPALIDAD DISTRITAL DE TANTA,.95020568,.86411119,.69510585,1.7658256,1.0827671,-.62261862,2,3,2
MUNICIPALIDAD DISTRITAL DE TANTAMAYO,MUNICIPALIDAD DISTRITAL DE TANTAMAYO,.64837748,.56097221,.7842713,-.33073115,-.047658306,.074607596,1,1,3
MUNICIPALIDAD DISTRITAL DE TANTARA,MUNICIPALIDAD DISTRITAL DE TANTARA,.7872839,.53232718,.65091574,.6341396,-.15447757,-.9681617,3,2,1
MUNICIPALIDAD DISTRITAL DE TANTARICA,MUNICIPALIDAD DISTRITAL DE TANTARICA,.62515604,.3132495,.40997154,-.49203172,-.97143281,-2.8522167,3,2,1
MUNICIPALIDAD DISTRITAL DE TAPACOCHA,MUNICIPALIDAD DISTRITAL DE TAPACOCHA,.47929484,.85403019,.83721834,-1.5052117,1.0451745,.48862523,1,1,3
MUNICIPALIDAD DISTRITAL DE TAPAIRIHUA,MUNICIPALIDAD DISTRITAL DE TAPAIRIHUA,.71131623,.20881867,.76666665,.10645352,-1.3608624,-.063051365,3,2,1
MUNICIPALIDAD DISTRITAL DE TAPAY,MUNICIPALIDAD DISTRITAL DE TAPAY,.7199896,.31542891,.81415659,.16670041,-.96330565,.30829462,3,2,1
MUNICIPALIDAD DISTRITAL DE TAPICHE,MUNICIPALIDAD DISTRITAL DE TAPICHE,.7727595,.65873432,.59761906,.53325027,.31690311,-1.3849133,3,2,1
MUNICIPALIDAD DISTRITAL DE TAPO,MUNICIPALIDAD DISTRITAL DE TAPO,.78874373,.70454985,.85939395,.6442799,.48775226,.66202664,2,3,2
MUNICIPALIDAD DISTRITAL DE TAPUC,MUNICIPALIDAD DISTRITAL DE TAPUC,.70669866,.60890782,.63131315,.074378967,.13109677,-1.1214435,3,2,1
MUNICIPALIDAD DISTRITAL DE TARACO,MUNICIPALIDAD DISTRITAL DE TARACO,.82012248,.85008979,.82366526,.8622427,1.0304804,.38264737,2,3,2
MUNICIPALIDAD DISTRITAL DE TARAY,MUNICIPALIDAD DISTRITAL DE TARAY,.75902981,.74554843,.81115329,.4378812,.64063871,.28481042,2,3,2
MUNICIPALIDAD DISTRITAL DE TARICA,MUNICIPALIDAD DISTRITAL DE TARICA,.65984184,.78098989,.88037163,-.25109753,.77280223,.82606089,1,1,3
MUNICIPALIDAD DISTRITAL DE TARUCACHI,MUNICIPALIDAD DISTRITAL DE TARUCACHI,.77743095,.23231669,.62592596,.5656991,-1.2732366,-1.1635685,3,2,1
MUNICIPALIDAD DISTRITAL DE TATE,MUNICIPALIDAD DISTRITAL DE TATE,.53551239,.90426582,.91660559,-1.1147138,1.2325064,1.1093911,1,1,3
MUNICIPALIDAD DISTRITAL DE TAUCA,MUNICIPALIDAD DISTRITAL DE TAUCA,.84728527,.95310849,.86538464,1.0509207,1.414644,.70887065,2,3,2
MUNICIPALIDAD DISTRITAL DE TAURIA,MUNICIPALIDAD DISTRITAL DE TAURIA,.53124309,.30742177,.67407411,-1.1443692,-.99316478,-.78707558,3,2,1
MUNICIPALIDAD DISTRITAL DE TAURIJA,MUNICIPALIDAD DISTRITAL DE TAURIJA,.67116791,.22797056,.80952382,-.17242444,-1.2894437,.27206883,3,2,1
MUNICIPALIDAD DISTRITAL DE TAURIPAMPA,MUNICIPALIDAD DISTRITAL DE TAURIPAMPA,.62872529,.98234534,.92351043,-.46723905,1.5236702,1.1633834,1,1,3
MUNICIPALIDAD DISTRITAL DE TENIENTE CESAR LOPEZ ROJAS,MUNICIPALIDAD DISTRITAL DE TENIENTE CESAR LOPEZ ROJAS,.76440406,.68035746,.82142854,.4752118,.39753723,.36515737,2,3,2
MUNICIPALIDAD DISTRITAL DE TENIENTE MANUEL CLAVERO,MUNICIPALIDAD DISTRITAL DE TENIENTE MANUEL CLAVERO,.67101389,.75497198,.68333334,-.17349428,.67577976,-.7146734,1,1,3
MUNICIPALIDAD DISTRITAL DE TIABAYA,MUNICIPALIDAD DISTRITAL DE TIABAYA,.7868312,.94576228,.97999501,.63099504,1.3872495,1.6050626,2,3,2
MUNICIPALIDAD DISTRITAL DE TIBILLO,MUNICIPALIDAD DISTRITAL DE TIBILLO,.58116603,.76771474,.8888889,-.79759485,.72329837,.89266139,1,1,3
MUNICIPALIDAD DISTRITAL DE TICACO,MUNICIPALIDAD DISTRITAL DE TICACO,.81676847,.3619974,.70955169,.83894509,-.78964865,-.50965989,3,2,1
MUNICIPALIDAD DISTRITAL DE TICAPAMPA,MUNICIPALIDAD DISTRITAL DE TICAPAMPA,.8367936,.74620986,.83348596,.9780435,.64310521,.45943999,2,3,2
MUNICIPALIDAD DISTRITAL DE TICLACAYAN,MUNICIPALIDAD DISTRITAL DE TICLACAYAN,.58917916,.45874044,.76814061,-.74193412,-.4288874,-.05152576,1,1,3
MUNICIPALIDAD DISTRITAL DE TICLLOS,MUNICIPALIDAD DISTRITAL DE TICLLOS,.48178968,.45361778,.91538459,-1.4878821,-.44799015,1.0998436,1,1,3
MUNICIPALIDAD DISTRITAL DE TICRAPO,MUNICIPALIDAD DISTRITAL DE TICRAPO,.66467857,.77121991,.77504849,-.21750061,.73636937,.0024901782,1,1,3
MUNICIPALIDAD DISTRITAL DE TIGRE,MUNICIPALIDAD DISTRITAL DE TIGRE,.5450601,.81042099,.85848594,-1.0483936,.8825528,.65492648,1,1,3
MUNICIPALIDAD DISTRITAL DE TILALI,MUNICIPALIDAD DISTRITAL DE TILALI,.7690649,.63318962,.65079367,.50758696,.22164521,-.96911621,3,2,1
MUNICIPALIDAD DISTRITAL DE TINCO,MUNICIPALIDAD DISTRITAL DE TINCO,.49004355,.79891115,.79797983,-1.4305491,.83963186,.18180101,1,1,3
MUNICIPALIDAD DISTRITAL DE TINGO,MUNICIPALIDAD DISTRITAL DE TINGO,.83493716,.48898745,.68888891,.96514827,-.31609431,-.67123181,3,2,1
MUNICIPALIDAD DISTRITAL DE TINGO DE PONASA,MUNICIPALIDAD DISTRITAL DE TINGO DE PONASA,.88866377,.73529631,.59409511,1.3383437,.60240787,-1.4124687,2,3,2
MUNICIPALIDAD DISTRITAL DE TINGO DE SAPOSOA,MUNICIPALIDAD DISTRITAL DE TINGO DE SAPOSOA,.72691786,.4450185,.61481482,.21482548,-.48005742,-1.2504517,3,2,1
MUNICIPALIDAD DISTRITAL DE TINGUIÑA,MUNICIPALIDAD DISTRITAL DE TINGUIÑA,.71090686,.87743789,.88473785,.10360999,1.1324633,.86020243,2,3,2
MUNICIPALIDAD DISTRITAL DE TINICACHI,MUNICIPALIDAD DISTRITAL DE TINICACHI,.61039817,.6641649,.75218856,-.59454274,.33715409,-.17626229,1,1,3
MUNICIPALIDAD DISTRITAL DE TINTA,MUNICIPALIDAD DISTRITAL DE TINTA,.81450874,.71456546,.88254923,.82324857,.52510113,.84308857,2,3,2
MUNICIPALIDAD DISTRITAL DE TINTAY,MUNICIPALIDAD DISTRITAL DE TINTAY,.91489166,.36560088,.762963,1.5205277,-.77621102,-.092011966,2,3,2
MUNICIPALIDAD DISTRITAL DE TINTAY PUNCU,MUNICIPALIDAD DISTRITAL DE TINTAY PUNCU,.62741721,.25699875,.75160491,-.47632524,-1.1811956,-.18082611,3,2,1
MUNICIPALIDAD DISTRITAL DE TINYAHUARCO,MUNICIPALIDAD DISTRITAL DE TINYAHUARCO,.80275267,.93204349,.79223222,.74158865,1.3360912,.1368577,2,3,2
MUNICIPALIDAD DISTRITAL DE TIPAN,MUNICIPALIDAD DISTRITAL DE TIPAN,.65135038,.32833767,.5777778,-.31008083,-.91516805,-1.5400614,3,2,1
MUNICIPALIDAD DISTRITAL DE TIQUILLACA,MUNICIPALIDAD DISTRITAL DE TIQUILLACA,.7137332,.30635479,.75896943,.12324224,-.99714363,-.12323955,3,2,1
MUNICIPALIDAD DISTRITAL DE TIRAPATA,MUNICIPALIDAD DISTRITAL DE TIRAPATA,.87304372,.88704574,.877451,1.2298439,1.1682916,.80322313,2,3,2
MUNICIPALIDAD DISTRITAL DE TISCO,MUNICIPALIDAD DISTRITAL DE TISCO,.72857112,.73766905,.75323826,.2263093,.61125594,-.16805421,2,3,2
MUNICIPALIDAD DISTRITAL DE TOCMOCHE,MUNICIPALIDAD DISTRITAL DE TOCMOCHE,.5135116,.63849539,.77142859,-1.2675356,.24143077,-.02581558,1,1,3
MUNICIPALIDAD DISTRITAL DE TOMAS,MUNICIPALIDAD DISTRITAL DE TOMAS,.53826058,.61972046,.67521369,-1.0956243,.17141782,-.77816468,1,1,3
MUNICIPALIDAD DISTRITAL DE TOMAY KICHWA,MUNICIPALIDAD DISTRITAL DE TOMAY KICHWA,.53500623,.46019036,.69444448,-1.1182297,-.42348057,-.62779021,3,2,1
MUNICIPALIDAD DISTRITAL DE TOMEPAMPA,MUNICIPALIDAD DISTRITAL DE TOMEPAMPA,.72820836,.04221268,.5181818,.22378954,-1.9821472,-2.0060704,3,2,1
MUNICIPALIDAD DISTRITAL DE TONGOD,MUNICIPALIDAD DISTRITAL DE TONGOD,.60451376,.13211185,.75172532,-.63541698,-1.6469072,-.17988463,3,2,1
MUNICIPALIDAD DISTRITAL DE TORATA,MUNICIPALIDAD DISTRITAL DE TORATA,.8210761,.98112917,.97937369,.86886668,1.519135,1.6002042,2,3,2
MUNICIPALIDAD DISTRITAL DE TORAYA,MUNICIPALIDAD DISTRITAL DE TORAYA,.65229565,.85489553,.94117647,-.30351481,1.0484014,1.3015224,1,1,3
MUNICIPALIDAD DISTRITAL DE TORIBIO CASANOVA,MUNICIPALIDAD DISTRITAL DE TORIBIO CASANOVA,.71822548,.055419642,.55925924,.1544465,-1.9328976,-1.6848667,3,2,1
MUNICIPALIDAD DISTRITAL DE TORO,MUNICIPALIDAD DISTRITAL DE TORO,.87570328,.11075934,.78560609,1.2483176,-1.7265321,.085044913,3,2,1
MUNICIPALIDAD DISTRITAL DE TORRES CAUSANA,MUNICIPALIDAD DISTRITAL DE TORRES CAUSANA,.68627524,.99469435,.94487447,-.067485988,1.5697205,1.3304386,2,3,3
MUNICIPALIDAD DISTRITAL DE TOTORA,MUNICIPALIDAD DISTRITAL DE TOTORA,.52413952,.032655969,.52222222,-1.1937119,-2.0177848,-1.9744763,3,2,1
MUNICIPALIDAD DISTRITAL DE TOTOS,MUNICIPALIDAD DISTRITAL DE TOTOS,.29385161,.79917967,.571558,-2.7933362,.84063315,-1.588697,1,1,3
MUNICIPALIDAD DISTRITAL DE TOURNAVISTA,MUNICIPALIDAD DISTRITAL DE TOURNAVISTA,.81606203,.29819664,.80115968,.83403808,-1.027566,.20666571,3,2,1
MUNICIPALIDAD DISTRITAL DE TRES DE DICIEMBRE,MUNICIPALIDAD DISTRITAL DE TRES DE DICIEMBRE,.9301796,.2762683,.60599971,1.6267207,-1.1093382,-1.3193811,3,2,1
MUNICIPALIDAD DISTRITAL DE TRES UNIDOS,MUNICIPALIDAD DISTRITAL DE TRES UNIDOS,.77209806,.079939306,.63749999,.52865589,-1.841462,-1.0730658,3,2,1
MUNICIPALIDAD DISTRITAL DE TRITA,MUNICIPALIDAD DISTRITAL DE TRITA,.78371292,.28099218,.51851851,.60933489,-1.0917225,-2.0034375,3,2,1
MUNICIPALIDAD DISTRITAL DE TROMPETEROS,MUNICIPALIDAD DISTRITAL DE TROMPETEROS,.67017817,.45503491,.73561543,-.17929932,-.44270557,-.30585533,3,2,1
MUNICIPALIDAD DISTRITAL DE TUCUME,MUNICIPALIDAD DISTRITAL DE TUCUME,.61639321,.3293308,.5033133,-.55290008,-.91146457,-2.122334,3,2,1
MUNICIPALIDAD DISTRITAL DE TUMAN,MUNICIPALIDAD DISTRITAL DE TUMAN,.40100786,.11285578,.75990677,-2.0490081,-1.7187144,-.11591004,3,2,1
MUNICIPALIDAD DISTRITAL DE TUMAY HUARACA,MUNICIPALIDAD DISTRITAL DE TUMAY HUARACA,.67755789,.89065474,.91984129,-.12803844,1.1817498,1.1346925,1,1,3
MUNICIPALIDAD DISTRITAL DE TUMBADEN,MUNICIPALIDAD DISTRITAL DE TUMBADEN,.66475898,.38543341,.83035713,-.2169421,-.70225424,.43497422,3,2,1
MUNICIPALIDAD DISTRITAL DE TUNAN MARCA,MUNICIPALIDAD DISTRITAL DE TUNAN MARCA,.83437723,.86805272,.8357684,.96125895,1.0974654,.47728744,2,3,2
MUNICIPALIDAD DISTRITAL DE TUPAC AMARU,MUNICIPALIDAD DISTRITAL DE TUPAC AMARU,.80910319,.42441827,.75155282,.78570062,-.55687708,-.18123345,3,2,1
MUNICIPALIDAD DISTRITAL DE TUPAC AMARU INCA,MUNICIPALIDAD DISTRITAL DE TUPAC AMARU INCA,.62413573,.9702087,.93014973,-.49911898,1.4784118,1.2152991,1,1,3
MUNICIPALIDAD DISTRITAL DE TUPE,MUNICIPALIDAD DISTRITAL DE TUPE,.83077532,.7575168,.80584794,.93623936,.68526953,.24332543,2,3,2
MUNICIPALIDAD DISTRITAL DE TURPAY,MUNICIPALIDAD DISTRITAL DE TURPAY,.533108,.5772714,.78860724,-1.1314152,.013122452,.10851233,1,1,3
MUNICIPALIDAD DISTRITAL DE TURPO,MUNICIPALIDAD DISTRITAL DE TURPO,.66679108,.80851907,.81489825,-.20282672,.87546039,.31409404,1,1,3
MUNICIPALIDAD DISTRITAL DE TUTI,MUNICIPALIDAD DISTRITAL DE TUTI,.88133913,.15264823,.57179487,1.2874653,-1.5703256,-1.5868447,3,2,1
MUNICIPALIDAD DISTRITAL DE UBINAS,MUNICIPALIDAD DISTRITAL DE UBINAS,.8579182,.63722616,.86974788,1.1247791,.23669776,.74298882,2,3,2
MUNICIPALIDAD DISTRITAL DE UCHIZA,MUNICIPALIDAD DISTRITAL DE UCHIZA,.92345977,.43576735,.62807018,1.5800434,-.51455557,-1.1468018,3,2,1
MUNICIPALIDAD DISTRITAL DE UCHUMARCA,MUNICIPALIDAD DISTRITAL DE UCHUMARCA,.28088778,.4740538,.6420635,-2.8833854,-.37178287,-1.0373815,1,1,3
MUNICIPALIDAD DISTRITAL DE UCHUMAYO,MUNICIPALIDAD DISTRITAL DE UCHUMAYO,.80871624,.92742705,.93129474,.78301275,1.3188763,1.2242525,2,3,2
MUNICIPALIDAD DISTRITAL DE UCHURACCAY,MUNICIPALIDAD DISTRITAL DE UCHURACCAY,.63482177,.46324661,.63730156,-.42489171,-.41208357,-1.0746173,3,2,1
MUNICIPALIDAD DISTRITAL DE UCO,MUNICIPALIDAD DISTRITAL DE UCO,.39448699,.91821796,.93805915,-2.0943034,1.2845349,1.2771466,1,1,3
MUNICIPALIDAD DISTRITAL DE UCUNCHA,MUNICIPALIDAD DISTRITAL DE UCUNCHA,.94444293,.53044868,.6388889,1.7257965,-.16148262,-1.0622052,3,2,1
MUNICIPALIDAD DISTRITAL DE ULCUMAYO,MUNICIPALIDAD DISTRITAL DE ULCUMAYO,.70896113,.79152131,.80806625,.090094544,.81207466,.26067141,2,3,2
MUNICIPALIDAD DISTRITAL DE UMACHIRI,MUNICIPALIDAD DISTRITAL DE UMACHIRI,.6035189,.15340716,.58088338,-.64232749,-1.5674956,-1.5157773,3,2,1
MUNICIPALIDAD DISTRITAL DE UMARI,MUNICIPALIDAD DISTRITAL DE UMARI,.70624411,.19844884,.84266788,.071221612,-1.3995321,.53123766,3,2,1
MUNICIPALIDAD DISTRITAL DE UNICACHI,MUNICIPALIDAD DISTRITAL DE UNICACHI,.63581383,.64699554,.80092591,-.41800067,.27312842,.20483777,1,1,3
MUNICIPALIDAD DISTRITAL DE UNION AGUA BLANCA,MUNICIPALIDAD DISTRITAL DE UNION AGUA BLANCA,.856224,.98004663,.6474359,1.1130108,1.5150981,-.99537218,2,3,2
MUNICIPALIDAD DISTRITAL DE UNION ASHANINKA,MUNICIPALIDAD DISTRITAL DE UNION ASHANINKA,.62954116,.99977535,.99435025,-.46157187,1.5886679,1.7173129,1,1,3
MUNICIPALIDAD DISTRITAL DE UNION PROGRESO,MUNICIPALIDAD DISTRITAL DE UNION PROGRESO,.47279364,.83772939,.77499998,-1.5503703,.98438764,.0021107921,1,1,3
MUNICIPALIDAD DISTRITAL DE UPAHUACHO,MUNICIPALIDAD DISTRITAL DE UPAHUACHO,.66502535,.30088359,.64238042,-.21509181,-1.0175461,-1.0349034,3,2,1
MUNICIPALIDAD DISTRITAL DE URACA,MUNICIPALIDAD DISTRITAL DE URACA,.75651085,.24060252,.85833335,.42038408,-1.2423382,.65373331,3,2,1
MUNICIPALIDAD DISTRITAL DE URANMARCA,MUNICIPALIDAD DISTRITAL DE URANMARCA,.60808247,.73330247,.81642509,-.61062801,.59497273,.32603303,1,1,3
MUNICIPALIDAD DISTRITAL DE URARINAS,MUNICIPALIDAD DISTRITAL DE URARINAS,.72466898,.82128853,.82328045,.1992043,.9230786,.37963837,2,3,2
MUNICIPALIDAD DISTRITAL DE URPAY,MUNICIPALIDAD DISTRITAL DE URPAY,.79271436,.25750658,.7298246,.67186058,-1.1793019,-.35113654,3,2,1
MUNICIPALIDAD DISTRITAL DE USICAYOS,MUNICIPALIDAD DISTRITAL DE USICAYOS,.74616557,.91117579,.89018458,.3485238,1.2582742,.90279293,2,3,2
MUNICIPALIDAD DISTRITAL DE USQUIL,MUNICIPALIDAD DISTRITAL DE USQUIL,.72567004,.23560594,.59483272,.20615785,-1.2609708,-1.406701,3,2,1
MUNICIPALIDAD DISTRITAL DE UTCO,MUNICIPALIDAD DISTRITAL DE UTCO,.63753146,.022219485,.33862436,-.4060697,-2.0567031,-3.4101136,3,2,1
MUNICIPALIDAD DISTRITAL DE UTICYACU,MUNICIPALIDAD DISTRITAL DE UTICYACU,.7325418,.26646385,.72916669,.25389042,-1.1458997,-.35628107,3,2,1
MUNICIPALIDAD DISTRITAL DE UÑON,MUNICIPALIDAD DISTRITAL DE UÑON,.58230084,.40823638,.82499999,-.78971219,-.6172204,.3930842,1,1,3
MUNICIPALIDAD DISTRITAL DE VALERA,MUNICIPALIDAD DISTRITAL DE VALERA,.90673715,.047731079,.67406505,1.4638848,-1.9615687,-.78714645,3,2,1
MUNICIPALIDAD DISTRITAL DE VARGAS GUERRA,MUNICIPALIDAD DISTRITAL DE VARGAS GUERRA,.74146873,.63745147,.82991451,.3158986,.23753794,.43151316,2,3,2
MUNICIPALIDAD DISTRITAL DE VEGUETA,MUNICIPALIDAD DISTRITAL DE VEGUETA,.43557945,1,1,-1.8088672,1.5895056,1.7614909,1,1,3
MUNICIPALIDAD DISTRITAL DE VELILLE,MUNICIPALIDAD DISTRITAL DE VELILLE,.87542355,.44751897,.74718004,1.2463746,-.47073299,-.21542622,2,3,2
MUNICIPALIDAD DISTRITAL DE VENTANILLA,MUNICIPALIDAD DISTRITAL DE VENTANILLA,.72745311,.35354537,.6891557,.21854343,-.82116681,-.66914564,3,2,1
MUNICIPALIDAD DISTRITAL DE VICCO,MUNICIPALIDAD DISTRITAL DE VICCO,.44186175,.97541386,.90333331,-1.7652292,1.4978222,1.0056089,1,1,3
MUNICIPALIDAD DISTRITAL DE VICE,MUNICIPALIDAD DISTRITAL DE VICE,.70747417,.95716858,.87232393,.079765856,1.4297843,.76313215,2,3,2
MUNICIPALIDAD DISTRITAL DE VICHAYAL,MUNICIPALIDAD DISTRITAL DE VICHAYAL,.60369682,.60367519,.74005848,-.64109159,.11158393,-.27111304,1,1,3
MUNICIPALIDAD DISTRITAL DE VICTOR LARCO HERRERA,MUNICIPALIDAD DISTRITAL DE VICTOR LARCO HERRERA,.55429661,.49143732,.85002154,-.98423499,-.30695859,.5887394,1,1,3
MUNICIPALIDAD DISTRITAL DE VILAVILA,MUNICIPALIDAD DISTRITAL DE VILAVILA,.73375291,.49913782,.67739898,.26230299,-.27824289,-.76107693,3,2,1
MUNICIPALIDAD DISTRITAL DE VILCA,MUNICIPALIDAD DISTRITAL DE VILCA,.77328038,.72791922,.80813146,.53686845,.57489818,.26118129,2,3,2
MUNICIPALIDAD DISTRITAL DE VILCABAMBA,MUNICIPALIDAD DISTRITAL DE VILCABAMBA,.87827438,.82159889,.9338606,1.2661771,.92423594,1.2443161,2,3,2
MUNICIPALIDAD DISTRITAL DE VILCANCHOS,MUNICIPALIDAD DISTRITAL DE VILCANCHOS,.83404195,.24811801,.71392661,.95893002,-1.2143124,-.47545031,3,2,1
MUNICIPALIDAD DISTRITAL DE VILLA EL SALVADOR,MUNICIPALIDAD DISTRITAL DE VILLA EL SALVADOR,.67838442,.80013621,.77782112,-.12229715,.84420019,.024170659,1,1,3
MUNICIPALIDAD DISTRITAL DE VILLA KINTIARINA,MUNICIPALIDAD DISTRITAL DE VILLA KINTIARINA,.81819761,.80369782,.92976058,.84887218,.85748166,1.2122561,2,3,2
MUNICIPALIDAD DISTRITAL DE VILLA MARIA DEL TRIUNFO,MUNICIPALIDAD DISTRITAL DE VILLA MARIA DEL TRIUNFO,.43092585,.88478416,.90579784,-1.8411921,1.159858,1.0248803,1,1,3
MUNICIPALIDAD DISTRITAL DE VILLA RICA,MUNICIPALIDAD DISTRITAL DE VILLA RICA,.79214734,.46384853,.73557425,.66792196,-.409839,-.30617738,3,2,1
MUNICIPALIDAD DISTRITAL DE VILLA VIRGEN,MUNICIPALIDAD DISTRITAL DE VILLA VIRGEN,.66266489,.88601851,.88640189,-.23148805,1.164461,.8732143,1,1,3
MUNICIPALIDAD DISTRITAL DE VILQUE,MUNICIPALIDAD DISTRITAL DE VILQUE,.70025527,.18657979,.61503625,.029622003,-1.4437926,-1.2487202,3,2,1
MUNICIPALIDAD DISTRITAL DE VILQUE CHICO,MUNICIPALIDAD DISTRITAL DE VILQUE CHICO,.84260511,.78533494,.84444445,1.0184114,.78900528,.54512954,2,3,2
MUNICIPALIDAD DISTRITAL DE VINCHOS,MUNICIPALIDAD DISTRITAL DE VINCHOS,.70006335,.60163671,.73773032,.028288841,.1039823,-.289318,2,3,2
MUNICIPALIDAD DISTRITAL DE VIQUES,MUNICIPALIDAD DISTRITAL DE VIQUES,.66136062,.10170952,.62584931,-.24054775,-1.7602795,-1.1641679,3,2,1
MUNICIPALIDAD DISTRITAL DE VIRACO,MUNICIPALIDAD DISTRITAL DE VIRACO,.74350226,.21072198,.66539854,.33002388,-1.3537648,-.85491395,3,2,1
MUNICIPALIDAD DISTRITAL DE VIRUNDO,MUNICIPALIDAD DISTRITAL DE VIRUNDO,.50169605,.62668651,.73148149,-1.3496087,.1973947,-.33818054,1,1,3
MUNICIPALIDAD DISTRITAL DE VISCHONGO,MUNICIPALIDAD DISTRITAL DE VISCHONGO,.81380385,.65349555,.66247988,.81835228,.29736739,-.87773633,2,3,2
MUNICIPALIDAD DISTRITAL DE VISTA ALEGRE,MUNICIPALIDAD DISTRITAL DE VISTA ALEGRE,.49049541,.97622424,.95524329,-1.4274104,1.5008442,1.4115174,1,1,3
MUNICIPALIDAD DISTRITAL DE VITIS,MUNICIPALIDAD DISTRITAL DE VITIS,.7467792,.67624176,.56481481,.35278618,.38218948,-1.6414251,3,2,1
MUNICIPALIDAD DISTRITAL DE VITOC,MUNICIPALIDAD DISTRITAL DE VITOC,.85515845,.89564335,.87265795,1.1056093,1.2003527,.76574409,2,3,2
MUNICIPALIDAD DISTRITAL DE VITOR,MUNICIPALIDAD DISTRITAL DE VITOR,.74916297,.39869869,.86444443,.36934429,-.65278709,.70151871,2,3,2
MUNICIPALIDAD DISTRITAL DE VIZCATAN DEL ENE,MUNICIPALIDAD DISTRITAL DE VIZCATAN DEL ENE,.50160414,.90602696,.86318082,-1.350247,1.2390739,.69163793,1,1,3
MUNICIPALIDAD DISTRITAL DE VIÑAC,MUNICIPALIDAD DISTRITAL DE VIÑAC,.63845754,.86439693,.80522877,-.39963698,1.0838326,.23848383,1,1,3
MUNICIPALIDAD DISTRITAL DE WANCHAQ,MUNICIPALIDAD DISTRITAL DE WANCHAQ,.61427075,.72505468,.87686104,-.56764311,.56421614,.79860991,1,1,3
MUNICIPALIDAD DISTRITAL DE YACUS,MUNICIPALIDAD DISTRITAL DE YACUS,.79792511,.7493813,.76008451,.7080555,.65493172,-.11452019,2,3,2
MUNICIPALIDAD DISTRITAL DE YAGUAS,MUNICIPALIDAD DISTRITAL DE YAGUAS,.93513411,.13916837,.46898147,1.6611357,-1.620593,-2.3907907,3,2,1
MUNICIPALIDAD DISTRITAL DE YAMANGO,MUNICIPALIDAD DISTRITAL DE YAMANGO,.86512512,.089068688,.60290408,1.1748397,-1.807418,-1.3435873,3,2,1
MUNICIPALIDAD DISTRITAL DE YAMBRASBAMBA,MUNICIPALIDAD DISTRITAL DE YAMBRASBAMBA,.91278458,.085170291,.58965945,1.5058914,-1.8219553,-1.4471532,3,2,1
MUNICIPALIDAD DISTRITAL DE YAMON,MUNICIPALIDAD DISTRITAL DE YAMON,.46248287,.23377082,.53116095,-1.6219909,-1.2678142,-1.9045802,3,2,1
MUNICIPALIDAD DISTRITAL DE YANAC,MUNICIPALIDAD DISTRITAL DE YANAC,.8745712,.11612236,.86902356,1.2404541,-1.7065331,.73732507,3,2,1
MUNICIPALIDAD DISTRITAL DE YANACA,MUNICIPALIDAD DISTRITAL DE YANACA,.67361313,.85104334,.83492064,-.15543947,1.0340363,.47065845,1,1,3
MUNICIPALIDAD DISTRITAL DE YANACANCHA,MUNICIPALIDAD DISTRITAL DE YANACANCHA,.75743461,.51412034,.81321651,.42680067,-.22237207,.30094367,2,3,2
MUNICIPALIDAD DISTRITAL DE YANAHUARA,MUNICIPALIDAD DISTRITAL DE YANAHUARA,.87024289,.31036121,.76881719,1.2103888,-.98220342,-.046235327,3,2,1
MUNICIPALIDAD DISTRITAL DE YANAHUAYA,MUNICIPALIDAD DISTRITAL DE YANAHUAYA,.86009526,.40652096,.80709618,1.1399014,-.62361729,.253086,2,3,2
MUNICIPALIDAD DISTRITAL DE YANAMA,MUNICIPALIDAD DISTRITAL DE YANAMA,.61306876,.49633902,.7640416,-.57599235,-.28867978,-.083577842,1,1,3
MUNICIPALIDAD DISTRITAL DE YANAQUIHUA,MUNICIPALIDAD DISTRITAL DE YANAQUIHUA,.86160731,.67373908,.95361823,1.1504043,.37285683,1.3988103,2,3,2
MUNICIPALIDAD DISTRITAL DE YANAS,MUNICIPALIDAD DISTRITAL DE YANAS,.43899018,.090850294,.6240741,-1.7851757,-1.8007742,-1.178049,3,2,1
MUNICIPALIDAD DISTRITAL DE YANATILE,MUNICIPALIDAD DISTRITAL DE YANATILE,.81836051,.71348399,.90607798,.85000372,.52106827,1.0270709,2,3,2
MUNICIPALIDAD DISTRITAL DE YANQUE,MUNICIPALIDAD DISTRITAL DE YANQUE,.69345194,.75810391,.85759258,-.017635264,.68745893,.64794087,2,3,2
MUNICIPALIDAD DISTRITAL DE YANTALO,MUNICIPALIDAD DISTRITAL DE YANTALO,.93474513,.91966689,.80075759,1.6584337,1.289938,.20352156,2,3,2
MUNICIPALIDAD DISTRITAL DE YAQUERANA,MUNICIPALIDAD DISTRITAL DE YAQUERANA,.88208121,.14512028,.44920635,1.2926199,-1.5983979,-2.5454216,3,2,1
MUNICIPALIDAD DISTRITAL DE YARABAMBA,MUNICIPALIDAD DISTRITAL DE YARABAMBA,.48620123,.99984294,.99396074,-1.4572387,1.5889199,1.7142671,1,1,3
MUNICIPALIDAD DISTRITAL DE YARINACOCHA,MUNICIPALIDAD DISTRITAL DE YARINACOCHA,.77673274,.91304243,.90615588,.56084925,1.2652349,1.02768,2,3,2
MUNICIPALIDAD DISTRITAL DE YARUMAYO,MUNICIPALIDAD DISTRITAL DE YARUMAYO,.63446712,.096816495,.68148148,-.42735517,-1.7785259,-.72915393,3,2,1
MUNICIPALIDAD DISTRITAL DE YAUCA,MUNICIPALIDAD DISTRITAL DE YAUCA,.83972585,.20532499,.68958819,.99841148,-1.3738905,-.6657638,3,2,1
MUNICIPALIDAD DISTRITAL DE YAUCA DEL ROSARIO,MUNICIPALIDAD DISTRITAL DE YAUCA DEL ROSARIO,.68783826,.55878651,.84567899,-.056628998,-.055808935,.55478293,2,3,2
MUNICIPALIDAD DISTRITAL DE YAULI,MUNICIPALIDAD DISTRITAL DE YAULI,.67535186,.73460621,.8218798,-.14336193,.59983444,.36868602,1,1,3
MUNICIPALIDAD DISTRITAL DE YAURISQUE,MUNICIPALIDAD DISTRITAL DE YAURISQUE,.81741351,.65777016,.78809524,.84342569,.31330767,.10450874,2,3,2
MUNICIPALIDAD DISTRITAL DE YAUTAN,MUNICIPALIDAD DISTRITAL DE YAUTAN,.61369109,.80755544,.77669001,-.57166946,.87186694,.015325925,1,1,3
MUNICIPALIDAD DISTRITAL DE YAUYA,MUNICIPALIDAD DISTRITAL DE YAUYA,.52398849,.39083907,.88961774,-1.194761,-.68209612,.89836055,1,1,3
MUNICIPALIDAD DISTRITAL DE YAUYOS,MUNICIPALIDAD DISTRITAL DE YAUYOS,.69915015,.56430697,.65852493,.021945558,-.035222761,-.9086619,3,2,1
MUNICIPALIDAD DISTRITAL DE YAUYUCAN,MUNICIPALIDAD DISTRITAL DE YAUYUCAN,.65593272,.083141819,.52426744,-.27825096,-1.8295197,-1.9584839,3,2,1
MUNICIPALIDAD DISTRITAL DE YAVARI,MUNICIPALIDAD DISTRITAL DE YAVARI,.77172905,.78577077,.92592591,.52609265,.79063052,1.1822711,2,3,2
MUNICIPALIDAD DISTRITAL DE YONAN,MUNICIPALIDAD DISTRITAL DE YONAN,.48210222,.63858747,.72063494,-1.4857112,.24177417,-.42299479,1,1,3
MUNICIPALIDAD DISTRITAL DE YORONGOS,MUNICIPALIDAD DISTRITAL DE YORONGOS,.94821954,.39296061,.74702382,1.7520295,-.6741848,-.21664782,2,3,2
MUNICIPALIDAD DISTRITAL DE YUCAY,MUNICIPALIDAD DISTRITAL DE YUCAY,.89343476,.52247888,.62962961,1.3714839,-.19120252,-1.1346079,3,2,1
MUNICIPALIDAD DISTRITAL DE YUNGA,MUNICIPALIDAD DISTRITAL DE YUNGA,.79449099,.58584636,.79983783,.68420148,.045099061,.19632953,2,3,2
MUNICIPALIDAD DISTRITAL DE YUNGAR,MUNICIPALIDAD DISTRITAL DE YUNGAR,.64380676,.48540676,.92023808,-.36248028,-.32944694,1.1377952,1,1,3
MUNICIPALIDAD DISTRITAL DE YUPAN,MUNICIPALIDAD DISTRITAL DE YUPAN,.62079096,.60231817,.85606062,-.52235246,.10652351,.63596183,1,1,3
MUNICIPALIDAD DISTRITAL DE YURA,MUNICIPALIDAD DISTRITAL DE YURA,.6873883,.74115592,.84453779,-.059754476,.62425876,.54585946,2,3,2
MUNICIPALIDAD DISTRITAL DE YURACMARCA,MUNICIPALIDAD DISTRITAL DE YURACMARCA,.85824519,.87655783,.82824934,1.1270504,1.1291815,.41849238,2,3,2
MUNICIPALIDAD DISTRITAL DE YURACYACU,MUNICIPALIDAD DISTRITAL DE YURACYACU,.8096717,.28831458,.68446547,.78964955,-1.0644168,-.70582074,3,2,1
MUNICIPALIDAD DISTRITAL DE YURUA,MUNICIPALIDAD DISTRITAL DE YURUA,.71943122,.94645959,.91495645,.16282183,1.3898498,1.0964957,2,3,2
MUNICIPALIDAD DISTRITAL DE YUYAPICHIS,MUNICIPALIDAD DISTRITAL DE YUYAPICHIS,.62330067,.71618235,.91793281,-.50491947,.53113061,1.1197692,1,1,3
MUNICIPALIDAD DISTRITAL DE ZAPATERO,MUNICIPALIDAD DISTRITAL DE ZAPATERO,.76409435,.49338099,.63774508,.47306055,-.29971048,-1.0711492,3,2,1
MUNICIPALIDAD DISTRITAL DE ZAÑA,MUNICIPALIDAD DISTRITAL DE ZAÑA,.51061237,.22793162,.72193235,-1.2876742,-1.2895889,-.41284972,3,2,1
MUNICIPALIDAD DISTRITAL DE ZEPITA,MUNICIPALIDAD DISTRITAL DE ZEPITA,.76693159,.78586662,.88485408,.49276856,.79098791,.86111122,2,3,2
MUNICIPALIDAD DISTRITAL DE ZURITE,MUNICIPALIDAD DISTRITAL DE ZURITE,.89020371,.92400813,.82407409,1.3490405,1.3061268,.38584417,2,3,2
MUNICIPALIDAD DISTRITAL DE ZUÑIGA,MUNICIPALIDAD DISTRITAL DE ZUÑIGA,.51095909,.92893797,.90935671,-1.2852658,1.3245106,1.0527087,1,1,3
MUNICIPALIDAD DISTRITAL DE ÑAHUIMPUQUIO,MUNICIPALIDAD DISTRITAL DE ÑAHUIMPUQUIO,.74338037,.57906127,.64393938,.3291772,.01979699,-1.0227132,3,2,1
MUNICIPALIDAD DISTRITAL HUATA,MUNICIPALIDAD DISTRITAL HUATA,.78105634,.32129836,.62987864,.59088182,-.94141805,-1.1326606,3,2,1
MUNICIPALIDAD DISTRITAL JESUS NAZARENO,MUNICIPALIDAD DISTRITAL JESUS NAZARENO,.70394164,.4500291,.65238094,.05522823,-.46137255,-.95670462,3,2,1
MUNICIPALIDAD DISTRITAL PAMPA HERMOSA,MUNICIPALIDAD DISTRITAL PAMPA HERMOSA,.6256246,.63762307,.85952783,-.48877707,.23817785,.66307348,1,1,3
MUNICIPALIDAD DISTRITAL VEINTISEIS DE OCTUBRE,MUNICIPALIDAD DISTRITAL VEINTISEIS DE OCTUBRE,.47706011,.4330878,.63138574,-1.5207345,-.52454782,-1.1208758,3,2,1
MUNICIPALIDAD DISTRITAL VEINTISIETE DE NOVIEMBRE,MUNICIPALIDAD DISTRITAL VEINTISIETE DE NOVIEMBRE,.89752686,.19210991,.58888888,1.3999084,-1.4231704,-1.4531786,3,2,1
MUNICIPALIDAD METROPOLITANA DE LIMA,MUNICIPALIDAD METROPOLITANA DE LIMA,.8170929,.40760455,.80611837,.84119862,-.61957657,.24544002,2,3,2
MUNICIPALIDAD PROVINCIAL DE ABANCAY,MUNICIPALIDAD PROVINCIAL DE ABANCAY,.91461521,.92325401,.88866931,1.5186074,1.3033147,.89094436,2,3,2
MUNICIPALIDAD PROVINCIAL DE ACOBAMBA,MUNICIPALIDAD PROVINCIAL DE ACOBAMBA,.75522035,.61210716,.86163223,.41142002,.14302731,.67952877,2,3,2
MUNICIPALIDAD PROVINCIAL DE ACOMAYO,MUNICIPALIDAD PROVINCIAL DE ACOMAYO,.82604706,.79835165,.91730803,.90339601,.83754539,1.1148839,2,3,2
MUNICIPALIDAD PROVINCIAL DE AIJA,MUNICIPALIDAD PROVINCIAL DE AIJA,.70420849,.4307985,.71666664,.057081819,-.53308475,-.45402479,3,2,1
MUNICIPALIDAD PROVINCIAL DE AMBO,MUNICIPALIDAD PROVINCIAL DE AMBO,.5637905,.21912616,.57883596,-.91828859,-1.322425,-1.5317872,3,2,1
MUNICIPALIDAD PROVINCIAL DE ANDAHUAYLAS,MUNICIPALIDAD PROVINCIAL DE ANDAHUAYLAS,.79383081,.9040224,.89520019,.67961574,1.2315987,.94201237,2,3,2
MUNICIPALIDAD PROVINCIAL DE ANGARAES - LIRCAY,MUNICIPALIDAD PROVINCIAL DE ANGARAES - LIRCAY,.56407028,.6379655,.77085912,-.91634518,.23945479,-.030268475,1,1,3
MUNICIPALIDAD PROVINCIAL DE ANTA,MUNICIPALIDAD PROVINCIAL DE ANTA,.9464919,.88262886,.91186887,1.740029,1.1518208,1.0723525,2,3,2
MUNICIPALIDAD PROVINCIAL DE ANTABAMBA,MUNICIPALIDAD PROVINCIAL DE ANTABAMBA,.73248327,.3355042,.80768818,.25348386,-.88844353,.25771508,3,2,1
MUNICIPALIDAD PROVINCIAL DE ANTONIO RAYMONDI - LLAMELLIN,MUNICIPALIDAD PROVINCIAL DE ANTONIO RAYMONDI - LLAMELLIN,.55174184,.65403879,.7900641,-1.0019809,.29939315,.11990418,1,1,3
MUNICIPALIDAD PROVINCIAL DE AREQUIPA,MUNICIPALIDAD PROVINCIAL DE AREQUIPA,.63910627,.98892015,.92508578,-.39513072,1.5481881,1.1757017,1,1,3
MUNICIPALIDAD PROVINCIAL DE ASCOPE,MUNICIPALIDAD PROVINCIAL DE ASCOPE,.38119572,.25383857,.58373594,-2.1866271,-1.1929802,-1.4934719,3,2,1
MUNICIPALIDAD PROVINCIAL DE ASUNCION - CHACAS,MUNICIPALIDAD PROVINCIAL DE ASUNCION - CHACAS,.64967662,.54121381,.81370091,-.32170707,-.12133871,.30473149,1,1,3
MUNICIPALIDAD PROVINCIAL DE ATALAYA - RAYMONDI,MUNICIPALIDAD PROVINCIAL DE ATALAYA - RAYMONDI,.50113833,.78758043,.88236725,-1.3534826,.79737884,.84166563,1,1,3
MUNICIPALIDAD PROVINCIAL DE AYABACA,MUNICIPALIDAD PROVINCIAL DE AYABACA,.68273282,.58564186,.79459399,-.092092343,.044336453,.15532552,2,3,2
MUNICIPALIDAD PROVINCIAL DE AYMARAES - CHALHUANCA,MUNICIPALIDAD PROVINCIAL DE AYMARAES - CHALHUANCA,.60493612,.11355221,.65225893,-.63248318,-1.7161174,-.95765865,3,2,1
MUNICIPALIDAD PROVINCIAL DE AZANGARO,MUNICIPALIDAD PROVINCIAL DE AZANGARO,.81663138,.53564703,.84161448,.83799285,-.14209759,.52300072,2,3,2
MUNICIPALIDAD PROVINCIAL DE BAGUA,MUNICIPALIDAD PROVINCIAL DE BAGUA,.61065465,.70308119,.65277195,-.59276116,.48227555,-.95364714,1,1,3
MUNICIPALIDAD PROVINCIAL DE BARRANCA,MUNICIPALIDAD PROVINCIAL DE BARRANCA,.72771931,.76961112,.84361559,.22039247,.7303701,.53864831,2,3,2
MUNICIPALIDAD PROVINCIAL DE BELLAVISTA,MUNICIPALIDAD PROVINCIAL DE BELLAVISTA,.82796866,.78691339,.83326453,.91674376,.79489142,.45770851,2,3,2
MUNICIPALIDAD PROVINCIAL DE BOLIVAR,MUNICIPALIDAD PROVINCIAL DE BOLIVAR,.7421906,.42966574,.82770008,.32091284,-.53730887,.41419747,2,3,2
MUNICIPALIDAD PROVINCIAL DE BOLOGNESI - CHIQUIAN,MUNICIPALIDAD PROVINCIAL DE BOLOGNESI - CHIQUIAN,.80708528,.46431673,.85172117,.77168375,-.40809307,.60202956,2,3,2
MUNICIPALIDAD PROVINCIAL DE BONGARA - JUMBILLA,MUNICIPALIDAD PROVINCIAL DE BONGARA - JUMBILLA,.74886429,.09086106,.6793372,.36726961,-1.8007342,-.74592102,3,2,1
MUNICIPALIDAD PROVINCIAL DE CAJABAMBA,MUNICIPALIDAD PROVINCIAL DE CAJABAMBA,.53064358,.44193852,.80967569,-1.1485335,-.49154288,.27325639,1,1,3
MUNICIPALIDAD PROVINCIAL DE CAJAMARCA,MUNICIPALIDAD PROVINCIAL DE CAJAMARCA,.73471355,.42727646,.82586825,.26897585,-.54621869,.39987355,2,3,2
MUNICIPALIDAD PROVINCIAL DE CAJATAMBO,MUNICIPALIDAD PROVINCIAL DE CAJATAMBO,.58898532,.49248022,.6825397,-.74328053,-.30306953,-.7208792,3,2,1
MUNICIPALIDAD PROVINCIAL DE CALCA,MUNICIPALIDAD PROVINCIAL DE CALCA,.84387678,.80745441,.91994303,1.0272447,.87149024,1.1354882,2,3,2
MUNICIPALIDAD PROVINCIAL DE CAMANA,MUNICIPALIDAD PROVINCIAL DE CAMANA,.77631819,.15431489,.76662803,.55796969,-1.5641105,-.063353382,3,2,1
MUNICIPALIDAD PROVINCIAL DE CANAS - YANAOCA,MUNICIPALIDAD PROVINCIAL DE CANAS - YANAOCA,.90614444,.86180085,.89884233,1.4597678,1.0741518,.97049195,2,3,2
MUNICIPALIDAD PROVINCIAL DE CANCHIS - SICUANI,MUNICIPALIDAD PROVINCIAL DE CANCHIS - SICUANI,.79631573,.92411947,.98317748,.69687641,1.306542,1.6299478,2,3,2
MUNICIPALIDAD PROVINCIAL DE CANDARAVE,MUNICIPALIDAD PROVINCIAL DE CANDARAVE,.57081008,.79192841,.85294116,-.86952925,.81359273,.61156923,1,1,3
MUNICIPALIDAD PROVINCIAL DE CANGALLO,MUNICIPALIDAD PROVINCIAL DE CANGALLO,.69749087,.62008077,.62706858,.010419922,.17276144,-1.1546338,3,2,1
MUNICIPALIDAD PROVINCIAL DE CANTA,MUNICIPALIDAD PROVINCIAL DE CANTA,.62138057,.61390179,.87262511,-.5182569,.14971963,.76548725,1,1,3
MUNICIPALIDAD PROVINCIAL DE CARABAYA - MACUSANI,MUNICIPALIDAD PROVINCIAL DE CARABAYA - MACUSANI,.864667,.5711711,.8979032,1.1716574,-.0096259611,.96314847,2,3,2
MUNICIPALIDAD PROVINCIAL DE CARAVELI,MUNICIPALIDAD PROVINCIAL DE CARAVELI,.47634992,.32839063,.86819172,-1.5256677,-.91497052,.73082048,1,1,3
MUNICIPALIDAD PROVINCIAL DE CARHUAZ,MUNICIPALIDAD PROVINCIAL DE CARHUAZ,.34269503,.75706857,.75345999,-2.4540603,.6835981,-.1663204,1,1,3
MUNICIPALIDAD PROVINCIAL DE CARLOS FERMIN FITZCARRALD,MUNICIPALIDAD PROVINCIAL DE CARLOS FERMIN FITZCARRALD,.53255254,.44537547,.82379562,-1.1352735,-.47872627,.38366666,1,1,3
MUNICIPALIDAD PROVINCIAL DE CASMA,MUNICIPALIDAD PROVINCIAL DE CASMA,.70187694,.64604348,.82897198,.040886391,.2695781,.42414308,2,3,2
MUNICIPALIDAD PROVINCIAL DE CASTILLA - APLAO,MUNICIPALIDAD PROVINCIAL DE CASTILLA - APLAO,.58803296,.13005754,.85819638,-.74989581,-1.6545678,.65266228,3,2,1
MUNICIPALIDAD PROVINCIAL DE CASTROVIRREYNA,MUNICIPALIDAD PROVINCIAL DE CASTROVIRREYNA,.55783421,.54239196,.83287543,-.95966214,-.11694533,.45466596,1,1,3
MUNICIPALIDAD PROVINCIAL DE CAYLLOMA - CHIVAY,MUNICIPALIDAD PROVINCIAL DE CAYLLOMA - CHIVAY,.74624538,.32397324,.76867807,.34907815,-.93144327,-.047323149,3,2,1
MUNICIPALIDAD PROVINCIAL DE CAÑETE - SAN VICENTE DE CAÑETE,MUNICIPALIDAD PROVINCIAL DE CAÑETE - SAN VICENTE DE CAÑETE,.54701203,.91587216,.85999739,-1.0348351,1.2757872,.66674525,1,1,3
MUNICIPALIDAD PROVINCIAL DE CELENDIN,MUNICIPALIDAD PROVINCIAL DE CELENDIN,.50453007,.4246892,.80208784,-1.3299229,-.55586672,.21392345,1,1,3
MUNICIPALIDAD PROVINCIAL DE CHACHAPOYAS,MUNICIPALIDAD PROVINCIAL DE CHACHAPOYAS,.63329446,.087694354,.68190479,-.43550068,-1.812543,-.72584385,3,2,1
MUNICIPALIDAD PROVINCIAL DE CHANCHAMAYO,MUNICIPALIDAD PROVINCIAL DE CHANCHAMAYO,.69274575,.59018165,.88076794,-.022540636,.061265625,.82915986,2,3,2
MUNICIPALIDAD PROVINCIAL DE CHEPEN,MUNICIPALIDAD PROVINCIAL DE CHEPEN,.68295521,.099763244,.66995674,-.090547614,-1.7675372,-.81927121,3,2,1
MUNICIPALIDAD PROVINCIAL DE CHICLAYO,MUNICIPALIDAD PROVINCIAL DE CHICLAYO,.49129674,.35868919,.51965976,-1.4218442,-.8019852,-1.9945135,3,2,1
MUNICIPALIDAD PROVINCIAL DE CHINCHA - CHINCHA ALTA,MUNICIPALIDAD PROVINCIAL DE CHINCHA - CHINCHA ALTA,.59305882,.91100395,.93671465,-.71498519,1.2576333,1.2666333,1,1,3
MUNICIPALIDAD PROVINCIAL DE CHINCHEROS,MUNICIPALIDAD PROVINCIAL DE CHINCHEROS,.67117447,.33286899,.70503557,-.1723789,-.89827043,-.54497355,3,2,1
MUNICIPALIDAD PROVINCIAL DE CHOTA,MUNICIPALIDAD PROVINCIAL DE CHOTA,.536672,.35438651,.78702283,-1.1066589,-.81803018,.096123084,1,1,1
MUNICIPALIDAD PROVINCIAL DE CHUCUITO - JULI,MUNICIPALIDAD PROVINCIAL DE CHUCUITO - JULI,.77446574,.9509576,.90588665,.54510218,1.4066231,1.0255747,2,3,2
MUNICIPALIDAD PROVINCIAL DE CHUMBIVILCAS - SANTO TOMAS,MUNICIPALIDAD PROVINCIAL DE CHUMBIVILCAS - SANTO TOMAS,.88060766,.4667922,.85138929,1.2823844,-.39886186,.59943444,2,3,2
MUNICIPALIDAD PROVINCIAL DE CHUPACA,MUNICIPALIDAD PROVINCIAL DE CHUPACA,.77464104,.60195071,.84768885,.54631984,.10515322,.570499,2,3,2
MUNICIPALIDAD PROVINCIAL DE CHURCAMPA,MUNICIPALIDAD PROVINCIAL DE CHURCAMPA,.6084348,.72762549,.83729225,-.6081807,.57380289,.48920316,1,1,3
MUNICIPALIDAD PROVINCIAL DE CONCEPCION,MUNICIPALIDAD PROVINCIAL DE CONCEPCION,.73974949,.88382417,.89132923,.30395645,1.1562781,.91174346,2,3,2
MUNICIPALIDAD PROVINCIAL DE CONDESUYOS - CHUQUIBAMBA,MUNICIPALIDAD PROVINCIAL DE CONDESUYOS - CHUQUIBAMBA,.77402282,.076811701,.66683501,.54202557,-1.8531251,-.84368151,3,2,1
MUNICIPALIDAD PROVINCIAL DE CONDORCANQUI - NIEVA,MUNICIPALIDAD PROVINCIAL DE CONDORCANQUI - NIEVA,.79674786,.35437697,.81177992,.6998781,-.8180657,.28971028,3,2,2
MUNICIPALIDAD PROVINCIAL DE CONTRALMIRANTE VILLAR,MUNICIPALIDAD PROVINCIAL DE CONTRALMIRANTE VILLAR,.72769028,.80477971,.94130296,.22019082,.86151606,1.3025113,2,3,2
MUNICIPALIDAD PROVINCIAL DE CONTUMAZA,MUNICIPALIDAD PROVINCIAL DE CONTUMAZA,.74655813,.10299204,.49287614,.35125056,-1.7554969,-2.2039471,3,2,1
MUNICIPALIDAD PROVINCIAL DE CORONEL PORTILLO,MUNICIPALIDAD PROVINCIAL DE CORONEL PORTILLO,.69354099,.74640858,.77450079,-.017016711,.64384627,-.0017925987,2,3,2
MUNICIPALIDAD PROVINCIAL DE CORONGO,MUNICIPALIDAD PROVINCIAL DE CORONGO,.73129719,.12145714,.75476193,.24524516,-1.6866393,-.1561399,3,2,1
MUNICIPALIDAD PROVINCIAL DE COTABAMBAS - TAMBOBAMBA,MUNICIPALIDAD PROVINCIAL DE COTABAMBAS - TAMBOBAMBA,.94184452,.70170087,.7959975,1.7077475,.47712821,.16630022,2,3,2
MUNICIPALIDAD PROVINCIAL DE CUTERVO,MUNICIPALIDAD PROVINCIAL DE CUTERVO,.70598978,.48482257,.79024601,.069454968,-.3316254,.12132664,2,3,2
MUNICIPALIDAD PROVINCIAL DE DANIEL A. CARRION - YANAHUANCA,MUNICIPALIDAD PROVINCIAL DE DANIEL A. CARRION - YANAHUANCA,.54078758,.16886541,.64309764,-1.0780714,-1.5098507,-1.0292951,3,2,1
MUNICIPALIDAD PROVINCIAL DE DATEM DEL MARAÑON,MUNICIPALIDAD PROVINCIAL DE DATEM DEL MARAÑON,.6213457,.82089806,.85259801,-.51849914,.92162246,.608886,1,1,3
MUNICIPALIDAD PROVINCIAL DE DOS DE MAYO - LA UNION,MUNICIPALIDAD PROVINCIAL DE DOS DE MAYO - LA UNION,.67925584,.43389571,.73606682,-.11624409,-.52153504,-.30232573,3,2,1
MUNICIPALIDAD PROVINCIAL DE EL DORADO,MUNICIPALIDAD PROVINCIAL DE EL DORADO,.85729945,.51597935,.75925648,1.120481,-.21543969,-.12099493,2,3,2
MUNICIPALIDAD PROVINCIAL DE ESPINAR,MUNICIPALIDAD PROVINCIAL DE ESPINAR,.78595388,.96887237,.94343126,.624901,1.4734286,1.3191535,2,3,2
MUNICIPALIDAD PROVINCIAL DE FERREÑAFE,MUNICIPALIDAD PROVINCIAL DE FERREÑAFE,.63239777,.26194385,.66763568,-.44172928,-1.162755,-.8374207,3,2,1
MUNICIPALIDAD PROVINCIAL DE GRAU - CHUQUIBAMBILLA,MUNICIPALIDAD PROVINCIAL DE GRAU - CHUQUIBAMBILLA,.60761833,.71864271,.68630385,-.61385202,.5403055,-.69144553,1,1,3
MUNICIPALIDAD PROVINCIAL DE HUACAYBAMBA,MUNICIPALIDAD PROVINCIAL DE HUACAYBAMBA,.78866869,.20969339,.62037039,.64375865,-1.3576005,-1.20701,3,2,1
MUNICIPALIDAD PROVINCIAL DE HUALGAYOC - BAMBAMARCA,MUNICIPALIDAD PROVINCIAL DE HUALGAYOC - BAMBAMARCA,.64570558,.77884722,.93834668,-.34929067,.76481211,1.2793949,1,1,3
MUNICIPALIDAD PROVINCIAL DE HUALLAGA - SAPOSOA,MUNICIPALIDAD PROVINCIAL DE HUALLAGA - SAPOSOA,.79114294,.61510479,.73227072,.66094524,.15420569,-.3320092,2,3,2
MUNICIPALIDAD PROVINCIAL DE HUAMALIES - LLATA,MUNICIPALIDAD PROVINCIAL DE HUAMALIES - LLATA,.74330324,.65313876,.81536084,.32864144,.29603687,.31771123,2,3,2
MUNICIPALIDAD PROVINCIAL DE HUAMANGA,MUNICIPALIDAD PROVINCIAL DE HUAMANGA,.77317137,.89666712,.85960996,.53611124,1.2041703,.66371572,2,3,2
MUNICIPALIDAD PROVINCIAL DE HUANCA SANCOS - SANCOS,MUNICIPALIDAD PROVINCIAL DE HUANCA SANCOS - SANCOS,.54317421,.83145398,.87474746,-1.0614934,.9609862,.78208286,1,1,3
MUNICIPALIDAD PROVINCIAL DE HUANCABAMBA,MUNICIPALIDAD PROVINCIAL DE HUANCABAMBA,.5263325,.53477174,.6318832,-1.1784791,-.14536162,-1.116986,3,2,1
MUNICIPALIDAD PROVINCIAL DE HUANCANE,MUNICIPALIDAD PROVINCIAL DE HUANCANE,.87074918,.28298768,.88194996,1.2139055,-1.0842811,.83840263,2,3,2
MUNICIPALIDAD PROVINCIAL DE HUANCAVELICA,MUNICIPALIDAD PROVINCIAL DE HUANCAVELICA,.78486013,.72938788,.79405433,.61730367,.58037496,.15110567,2,3,2
MUNICIPALIDAD PROVINCIAL DE HUANCAYO,MUNICIPALIDAD PROVINCIAL DE HUANCAYO,.78592712,.8179459,.8525176,.62471509,.91061366,.60825729,2,3,2
MUNICIPALIDAD PROVINCIAL DE HUANTA,MUNICIPALIDAD PROVINCIAL DE HUANTA,.73646283,.58859837,.83724004,.28112668,.055361472,.48879489,2,3,2
MUNICIPALIDAD PROVINCIAL DE HUANUCO,MUNICIPALIDAD PROVINCIAL DE HUANUCO,.61380482,.61112994,.81818891,-.57087952,.1393832,.33982518,1,1,3
MUNICIPALIDAD PROVINCIAL DE HUARAL,MUNICIPALIDAD PROVINCIAL DE HUARAL,.46940976,.77588362,.9271996,-1.5738754,.75376064,1.1922307,1,1,3
MUNICIPALIDAD PROVINCIAL DE HUARAZ,MUNICIPALIDAD PROVINCIAL DE HUARAZ,.35721862,.81534362,.89621639,-2.3531766,.9009096,.9499585,1,1,3
MUNICIPALIDAD PROVINCIAL DE HUARI,MUNICIPALIDAD PROVINCIAL DE HUARI,.50994372,.99873757,.99260783,-1.2923187,1.5847979,1.7036881,1,1,3
MUNICIPALIDAD PROVINCIAL DE HUARMEY,MUNICIPALIDAD PROVINCIAL DE HUARMEY,.64716452,.62500656,.79971129,-.33915657,.19113003,.19534005,1,1,3
MUNICIPALIDAD PROVINCIAL DE HUAROCHIRI - MATUCANA,MUNICIPALIDAD PROVINCIAL DE HUAROCHIRI - MATUCANA,.81723225,.36083665,.56260061,.8421666,-.79397714,-1.6587389,3,2,1
MUNICIPALIDAD PROVINCIAL DE HUAURA,MUNICIPALIDAD PROVINCIAL DE HUAURA,.50646889,.97653502,.92452472,-1.3164555,1.5020031,1.1713146,1,1,3
MUNICIPALIDAD PROVINCIAL DE HUAYLAS - CARAZ,MUNICIPALIDAD PROVINCIAL DE HUAYLAS - CARAZ,.57729572,.56244063,.85338145,-.82447875,-.042182472,.61501211,1,1,3
MUNICIPALIDAD PROVINCIAL DE HUAYTARA,MUNICIPALIDAD PROVINCIAL DE HUAYTARA,.56402451,.75669158,.79363221,-.91666317,.68219221,.14780492,1,1,3
MUNICIPALIDAD PROVINCIAL DE ICA,MUNICIPALIDAD PROVINCIAL DE ICA,.34913966,.94271392,.97175884,-2.4092946,1.3758819,1.5406601,1,1,3
MUNICIPALIDAD PROVINCIAL DE ILO,MUNICIPALIDAD PROVINCIAL DE ILO,.76232404,.99605304,.97123939,.46076357,1.5747871,1.5365983,2,3,2
MUNICIPALIDAD PROVINCIAL DE ISLAY - MOLLENDO,MUNICIPALIDAD PROVINCIAL DE ISLAY - MOLLENDO,.63076794,.65811592,.79206002,-.4530504,.31459707,.13551122,1,1,3
MUNICIPALIDAD PROVINCIAL DE JAEN,MUNICIPALIDAD PROVINCIAL DE JAEN,.56082755,.57078564,.85502225,-.93886983,-.011063379,.62784231,1,1,3
MUNICIPALIDAD PROVINCIAL DE JAUJA,MUNICIPALIDAD PROVINCIAL DE JAUJA,.69544733,.4200426,.7987954,-.0037749375,-.57319421,.18817833,3,2,1
MUNICIPALIDAD PROVINCIAL DE JORGE BASADRE - LOCUMBA,MUNICIPALIDAD PROVINCIAL DE JORGE BASADRE - LOCUMBA,.66177708,.84684336,.9173432,-.23765495,1.0183742,1.1151588,1,1,3
MUNICIPALIDAD PROVINCIAL DE JULCAN,MUNICIPALIDAD PROVINCIAL DE JULCAN,.65746772,.17611125,.51392317,-.26758859,-1.4828305,-2.0393705,3,2,1
MUNICIPALIDAD PROVINCIAL DE JUNIN,MUNICIPALIDAD PROVINCIAL DE JUNIN,.75144678,.61538637,.7768485,.38520807,.15525569,.016565222,2,3,2
MUNICIPALIDAD PROVINCIAL DE LA CONVENCION - SANTA ANA,MUNICIPALIDAD PROVINCIAL DE LA CONVENCION - SANTA ANA,.85526246,.87939119,.9615258,1.1063317,1.1397473,1.4606432,2,3,2
MUNICIPALIDAD PROVINCIAL DE LA MAR - SAN MIGUEL,MUNICIPALIDAD PROVINCIAL DE LA MAR - SAN MIGUEL,.6511302,.69072491,.84867543,-.31161022,.43619815,.57821351,1,1,3
MUNICIPALIDAD PROVINCIAL DE LA UNION - COTAHUASI,MUNICIPALIDAD PROVINCIAL DE LA UNION - COTAHUASI,.48396492,.47357407,.82563025,-1.4727725,-.37357181,.39801249,1,1,3
MUNICIPALIDAD PROVINCIAL DE LAMAS,MUNICIPALIDAD PROVINCIAL DE LAMAS,.81173813,.27743435,.70141047,.80400342,-1.1049899,-.57331985,3,2,1
MUNICIPALIDAD PROVINCIAL DE LAMBAYEQUE,MUNICIPALIDAD PROVINCIAL DE LAMBAYEQUE,.49222785,.60404885,.85842401,-1.4153765,.11297733,.65444219,1,1,3
MUNICIPALIDAD PROVINCIAL DE LAMPA,MUNICIPALIDAD PROVINCIAL DE LAMPA,.79653317,.75986356,.83816987,.69838679,.69402075,.49606568,2,3,2
MUNICIPALIDAD PROVINCIAL DE LAURICOCHA - JESUS,MUNICIPALIDAD PROVINCIAL DE LAURICOCHA - JESUS,.7073006,.33126476,.70573092,.078560211,-.90425271,-.5395363,3,2,1
MUNICIPALIDAD PROVINCIAL DE LEONCIO PRADO - RUPA RUPA,MUNICIPALIDAD PROVINCIAL DE LEONCIO PRADO - RUPA RUPA,.57358694,.70499003,.7485792,-.85024065,.48939371,-.20448555,1,1,3
MUNICIPALIDAD PROVINCIAL DE LORETO - NAUTA,MUNICIPALIDAD PROVINCIAL DE LORETO - NAUTA,.79101747,.39325258,.90133232,.6600737,-.673096,.98996228,2,3,2
MUNICIPALIDAD PROVINCIAL DE LUCANAS - PUQUIO,MUNICIPALIDAD PROVINCIAL DE LUCANAS - PUQUIO,.30696544,.83002162,.8537448,-2.702245,.95564485,.61785334,1,1,3
MUNICIPALIDAD PROVINCIAL DE LUYA - LAMUD,MUNICIPALIDAD PROVINCIAL DE LUYA - LAMUD,.70677888,.13808703,.39488536,.074936248,-1.6246253,-2.9701827,3,2,1
MUNICIPALIDAD PROVINCIAL DE MANU,MUNICIPALIDAD PROVINCIAL DE MANU,.89767462,.17376541,.45187446,1.4009348,-1.4915783,-2.5245583,3,2,1
MUNICIPALIDAD PROVINCIAL DE MARAÑON - HUACRACHUCO,MUNICIPALIDAD PROVINCIAL DE MARAÑON - HUACRACHUCO,.76980591,.25947431,.75381643,.51273412,-1.171964,-.16353327,3,2,1
MUNICIPALIDAD PROVINCIAL DE MARISCAL CACERES - JUANJUI,MUNICIPALIDAD PROVINCIAL DE MARISCAL CACERES - JUANJUI,.80860466,.41153181,.45277286,.78223771,-.60493153,-2.5175333,3,2,1
MUNICIPALIDAD PROVINCIAL DE MARISCAL LUZURIAGA - PISCOBAMBA,MUNICIPALIDAD PROVINCIAL DE MARISCAL LUZURIAGA - PISCOBAMBA,.48400229,.32151496,.74826354,-1.4725128,-.94061035,-.20695388,3,2,1
MUNICIPALIDAD PROVINCIAL DE MARISCAL NIETO - MOQUEGUA,MUNICIPALIDAD PROVINCIAL DE MARISCAL NIETO - MOQUEGUA,.90894741,.8928054,.94569916,1.4792378,1.1897697,1.3368872,2,3,2
MUNICIPALIDAD PROVINCIAL DE MARISCAL RAMON CASTILLA,MUNICIPALIDAD PROVINCIAL DE MARISCAL RAMON CASTILLA,.55302113,.98760664,.93705875,-.99309468,1.5432899,1.2693239,1,1,3
MUNICIPALIDAD PROVINCIAL DE MAYNAS - IQUITOS,MUNICIPALIDAD PROVINCIAL DE MAYNAS - IQUITOS,.78045058,.50534725,.79636753,.58667403,-.25508749,.16919363,2,3,2
MUNICIPALIDAD PROVINCIAL DE MELGAR - AYAVIRI,MUNICIPALIDAD PROVINCIAL DE MELGAR - AYAVIRI,.70983166,.78465176,.79984701,.096141383,.7864576,.19640131,2,3,2
MUNICIPALIDAD PROVINCIAL DE MOHO,MUNICIPALIDAD PROVINCIAL DE MOHO,.72872138,.78353631,.84424919,.22735305,.78229803,.54360271,2,3,2
MUNICIPALIDAD PROVINCIAL DE MORROPON - CHULUCANAS,MUNICIPALIDAD PROVINCIAL DE MORROPON - CHULUCANAS,.60149544,.47476098,.69904763,-.6563828,-.36914575,-.59179604,3,2,1
MUNICIPALIDAD PROVINCIAL DE MOYOBAMBA,MUNICIPALIDAD PROVINCIAL DE MOYOBAMBA,.63771331,.85875988,.92173433,-.40480649,1.0628117,1.1494951,1,1,3
MUNICIPALIDAD PROVINCIAL DE NASCA,MUNICIPALIDAD PROVINCIAL DE NASCA,.66444242,.97492045,.96635073,-.21914099,1.4959823,1.4983716,1,1,3
MUNICIPALIDAD PROVINCIAL DE OCROS,MUNICIPALIDAD PROVINCIAL DE OCROS,.43583086,.41600212,.57301587,-1.8071209,-.58826143,-1.5772971,3,2,1
MUNICIPALIDAD PROVINCIAL DE OTUZCO,MUNICIPALIDAD PROVINCIAL DE OTUZCO,.73526782,.28294325,.65647519,.27282587,-1.0844468,-.92468983,3,2,1
MUNICIPALIDAD PROVINCIAL DE OXAPAMPA,MUNICIPALIDAD PROVINCIAL DE OXAPAMPA,.73699826,.36776209,.83656621,.28484586,-.76815176,.4835259,3,2,2
MUNICIPALIDAD PROVINCIAL DE OYON,MUNICIPALIDAD PROVINCIAL DE OYON,.55483001,.57803762,.74520534,-.98052984,.01597973,-.23086734,1,1,3
MUNICIPALIDAD PROVINCIAL DE PACASMAYO - SAN PEDRO DE LLOC,MUNICIPALIDAD PROVINCIAL DE PACASMAYO - SAN PEDRO DE LLOC,.49298295,.32619298,.80461764,-1.4101315,-.92316574,.23370515,1,1,3
MUNICIPALIDAD PROVINCIAL DE PACHITEA - PANAO,MUNICIPALIDAD PROVINCIAL DE PACHITEA - PANAO,.62345934,.55599773,.78014666,-.50381738,-.066208489,.042355102,1,1,3
MUNICIPALIDAD PROVINCIAL DE PADRE ABAD - AGUAITIA,MUNICIPALIDAD PROVINCIAL DE PADRE ABAD - AGUAITIA,.67284119,.24778274,.5220015,-.1608015,-1.2155627,-1.9762022,3,2,1
MUNICIPALIDAD PROVINCIAL DE PAITA,MUNICIPALIDAD PROVINCIAL DE PAITA,.49969482,.77975208,.82287943,-1.3635095,.76818639,.3765026,1,1,3
MUNICIPALIDAD PROVINCIAL DE PALLASCA - CABANA,MUNICIPALIDAD PROVINCIAL DE PALLASCA - CABANA,.486224,.63123488,.78439152,-1.4570805,.21435587,.075547673,1,1,3
MUNICIPALIDAD PROVINCIAL DE PALPA,MUNICIPALIDAD PROVINCIAL DE PALPA,.68960059,.72280228,.80370373,-.044387512,.55581677,.22655879,2,3,2
MUNICIPALIDAD PROVINCIAL DE PARINACOCHAS - CORACORA,MUNICIPALIDAD PROVINCIAL DE PARINACOCHAS - CORACORA,.7279672,.58296013,.77850747,.22211438,.034336094,.029537531,2,3,2
MUNICIPALIDAD PROVINCIAL DE PARURO,MUNICIPALIDAD PROVINCIAL DE PARURO,.82116169,.22735409,.72429949,.86946124,-1.2917424,-.39433995,3,2,1
MUNICIPALIDAD PROVINCIAL DE PASCO - CHAUPIMARCA,MUNICIPALIDAD PROVINCIAL DE PASCO - CHAUPIMARCA,.77265066,.43570602,.66182119,.53249431,-.51478428,-.88288695,3,2,1
MUNICIPALIDAD PROVINCIAL DE PATAZ - TAYABAMBA,MUNICIPALIDAD PROVINCIAL DE PATAZ - TAYABAMBA,.72155005,.38402709,.77510685,.1775396,-.70749843,.0029464671,3,2,1
MUNICIPALIDAD PROVINCIAL DE PAUCAR DEL SARA SARA - PAUSA,MUNICIPALIDAD PROVINCIAL DE PAUCAR DEL SARA SARA - PAUSA,.82764435,.43848461,.79440749,.91449106,-.50442272,.15386717,2,3,2
MUNICIPALIDAD PROVINCIAL DE PAUCARTAMBO,MUNICIPALIDAD PROVINCIAL DE PAUCARTAMBO,.77328211,.85394764,.96787888,.53688049,1.0448666,1.5103209,2,3,2
MUNICIPALIDAD PROVINCIAL DE PICOTA,MUNICIPALIDAD PROVINCIAL DE PICOTA,.6789,.16152252,.64818776,-.11871582,-1.5372329,-.98949307,3,2,1
MUNICIPALIDAD PROVINCIAL DE PISCO,MUNICIPALIDAD PROVINCIAL DE PISCO,.5517534,.98430926,.96660846,-1.0019006,1.5309937,1.500387,1,1,3
MUNICIPALIDAD PROVINCIAL DE PIURA,MUNICIPALIDAD PROVINCIAL DE PIURA,.67991924,.44830069,.58562797,-.11163599,-.46781793,-1.4786773,3,2,1
MUNICIPALIDAD PROVINCIAL DE POMABAMBA,MUNICIPALIDAD PROVINCIAL DE POMABAMBA,.50767505,.75042468,.83911103,-1.3080773,.6588226,.503425,1,1,3
MUNICIPALIDAD PROVINCIAL DE PUERTO INCA,MUNICIPALIDAD PROVINCIAL DE PUERTO INCA,.68661189,.67739159,.7213515,-.065147571,.38647729,-.41739163,2,3,2
MUNICIPALIDAD PROVINCIAL DE PUNO,MUNICIPALIDAD PROVINCIAL DE PUNO,.84204596,.60492659,.90838617,1.0145274,.11625048,1.0451196,2,3,2
MUNICIPALIDAD PROVINCIAL DE PURUS,MUNICIPALIDAD PROVINCIAL DE PURUS,.80816823,.99016052,.86871797,.77920622,1.5528135,.73493546,2,3,2
MUNICIPALIDAD PROVINCIAL DE PUTUMAYO,MUNICIPALIDAD PROVINCIAL DE PUTUMAYO,.87955856,.3919588,.73015875,1.2750971,-.67792058,-.34852371,3,2,1
MUNICIPALIDAD PROVINCIAL DE QUISPICANCHIS - URCOS,MUNICIPALIDAD PROVINCIAL DE QUISPICANCHIS - URCOS,.86066514,.82286501,.84989005,1.1438599,.9289574,.58771122,2,3,2
MUNICIPALIDAD PROVINCIAL DE RECUAY,MUNICIPALIDAD PROVINCIAL DE RECUAY,.66807342,.31691742,.71105069,-.19391939,-.95775491,-.49793851,3,2,1
MUNICIPALIDAD PROVINCIAL DE REQUENA,MUNICIPALIDAD PROVINCIAL DE REQUENA,.70039636,.6480422,.81480128,.030602001,.27703148,.31333572,2,3,2
MUNICIPALIDAD PROVINCIAL DE RIOJA,MUNICIPALIDAD PROVINCIAL DE RIOJA,.72400075,.86230391,.80129528,.19456266,1.0760276,.20772605,2,3,2
MUNICIPALIDAD PROVINCIAL DE RODRIGUEZ DE MENDOZA - SAN NICOLAS,MUNICIPALIDAD PROVINCIAL DE RODRIGUEZ DE MENDOZA - SAN NICOLAS,.88776392,.24144973,.749183,1.3320931,-1.2391789,-.19976419,3,2,1
MUNICIPALIDAD PROVINCIAL DE SAN ANTONIO DE PUTINA,MUNICIPALIDAD PROVINCIAL DE SAN ANTONIO DE PUTINA,.76477611,.79310822,.86359924,.47779617,.81799233,.69490975,2,3,2
MUNICIPALIDAD PROVINCIAL DE SAN IGNACIO,MUNICIPALIDAD PROVINCIAL DE SAN IGNACIO,.74189478,.53026462,.706195,.31885803,-.16216898,-.53590745,3,2,1
MUNICIPALIDAD PROVINCIAL DE SAN MARCOS - PEDRO GALVEZ,MUNICIPALIDAD PROVINCIAL DE SAN MARCOS - PEDRO GALVEZ,.7547133,.2722609,.71484298,.40789792,-1.124282,-.46828485,3,2,1
MUNICIPALIDAD PROVINCIAL DE SAN MARTIN - TARAPOTO,MUNICIPALIDAD PROVINCIAL DE SAN MARTIN - TARAPOTO,.86049241,.44755283,.81634116,1.14266,-.47060674,.32537681,2,3,2
MUNICIPALIDAD PROVINCIAL DE SAN MIGUEL,MUNICIPALIDAD PROVINCIAL DE SAN MIGUEL,.63873231,.10100656,.63589746,-.39772832,-1.7629008,-1.0855967,3,2,1
MUNICIPALIDAD PROVINCIAL DE SAN PABLO,MUNICIPALIDAD PROVINCIAL DE SAN PABLO,.56382185,.44474131,.7007823,-.91807085,-.48109108,-.57823181,3,2,1
MUNICIPALIDAD PROVINCIAL DE SAN ROMAN - JULIACA,MUNICIPALIDAD PROVINCIAL DE SAN ROMAN - JULIACA,.72776622,.89416379,.92907602,.22071829,1.1948353,1.2069032,2,3,2
MUNICIPALIDAD PROVINCIAL DE SANCHEZ CARRION - HUAMACHUCO,MUNICIPALIDAD PROVINCIAL DE SANCHEZ CARRION - HUAMACHUCO,.47518027,.42207965,.84875923,-1.5337924,-.56559795,.57886881,1,1,3
MUNICIPALIDAD PROVINCIAL DE SANCHEZ CERRO - OMATE,MUNICIPALIDAD PROVINCIAL DE SANCHEZ CERRO - OMATE,.83722168,.29294494,.6167109,.98101705,-1.0471499,-1.2356253,3,2,1
MUNICIPALIDAD PROVINCIAL DE SANDIA,MUNICIPALIDAD PROVINCIAL DE SANDIA,.94687563,.7513122,.87699807,1.7426945,.66213214,.79968143,2,3,2
MUNICIPALIDAD PROVINCIAL DE SANTA CRUZ,MUNICIPALIDAD PROVINCIAL DE SANTA CRUZ,.67201281,.041663658,.45449236,-.16655563,-1.9841945,-2.5040877,3,2,1
MUNICIPALIDAD PROVINCIAL DE SANTIAGO DE CHUCO,MUNICIPALIDAD PROVINCIAL DE SANTIAGO DE CHUCO,.607337,.63222682,.85416412,-.61580622,.21805489,.62113219,1,1,3
MUNICIPALIDAD PROVINCIAL DE SATIPO,MUNICIPALIDAD PROVINCIAL DE SATIPO,.63752687,.80892587,.86284775,-.40610158,.87697738,.68903345,1,1,3
MUNICIPALIDAD PROVINCIAL DE SECHURA,MUNICIPALIDAD PROVINCIAL DE SECHURA,.51869953,.5594942,.82491326,-1.2314992,-.053169928,.39240608,1,1,3
MUNICIPALIDAD PROVINCIAL DE SIHUAS,MUNICIPALIDAD PROVINCIAL DE SIHUAS,.46869281,.70338434,.91373998,-1.5788555,.48340601,1.0869836,1,1,3
MUNICIPALIDAD PROVINCIAL DE SUCRE - QUEROBAMBA,MUNICIPALIDAD PROVINCIAL DE SUCRE - QUEROBAMBA,.59001851,.41269189,.45996401,-.73610377,-.60060549,-2.4613023,3,2,1
MUNICIPALIDAD PROVINCIAL DE SULLANA,MUNICIPALIDAD PROVINCIAL DE SULLANA,.61650968,.35181749,.67222917,-.55209106,-.82761019,-.80150205,3,2,1
MUNICIPALIDAD PROVINCIAL DE TACNA,MUNICIPALIDAD PROVINCIAL DE TACNA,.66736406,.82363063,.80187076,-.1988467,.93181241,.212226,1,1,3
MUNICIPALIDAD PROVINCIAL DE TAHUAMANU - IÑAPARI,MUNICIPALIDAD PROVINCIAL DE TAHUAMANU - IÑAPARI,.89781713,.15701669,.63135499,1.4019247,-1.5540353,-1.1211164,3,2,1
MUNICIPALIDAD PROVINCIAL DE TALARA - PARIÑAS,MUNICIPALIDAD PROVINCIAL DE TALARA - PARIÑAS,.62991762,.76511794,.90264738,-.4589569,.7136147,1.0002453,1,1,3
MUNICIPALIDAD PROVINCIAL DE TAMBOPATA,MUNICIPALIDAD PROVINCIAL DE TAMBOPATA,.70790958,.82439786,.90362811,.082790308,.93467349,1.0079142,2,3,2
MUNICIPALIDAD PROVINCIAL DE TARATA,MUNICIPALIDAD PROVINCIAL DE TARATA,.83052236,.73971117,.84497315,.93448228,.61887115,.54926366,2,3,2
MUNICIPALIDAD PROVINCIAL DE TARMA,MUNICIPALIDAD PROVINCIAL DE TARMA,.78221554,.88706601,.90236461,.59893376,1.1683671,.9980343,2,3,2
MUNICIPALIDAD PROVINCIAL DE TAYACAJA - PAMPAS,MUNICIPALIDAD PROVINCIAL DE TAYACAJA - PAMPAS,.79943025,.48415813,.79893297,.71851051,-.33410314,.18925403,2,3,2
MUNICIPALIDAD PROVINCIAL DE TOCACHE,MUNICIPALIDAD PROVINCIAL DE TOCACHE,.67570215,.15913075,.67214966,-.1409287,-1.5461519,-.80212379,3,2,1
MUNICIPALIDAD PROVINCIAL DE TRUJILLO,MUNICIPALIDAD PROVINCIAL DE TRUJILLO,.5866701,.69100803,.77319157,-.75936252,.43725392,-.012029969,1,1,3
MUNICIPALIDAD PROVINCIAL DE TUMBES,MUNICIPALIDAD PROVINCIAL DE TUMBES,.58713603,.43719274,.73609406,-.75612605,-.50924021,-.30211273,3,2,1
MUNICIPALIDAD PROVINCIAL DE UCAYALI - CONTAMANA,MUNICIPALIDAD PROVINCIAL DE UCAYALI - CONTAMANA,.72612065,.30987322,.60053742,.20928788,-.98402315,-1.3620933,3,2,1
MUNICIPALIDAD PROVINCIAL DE URUBAMBA,MUNICIPALIDAD PROVINCIAL DE URUBAMBA,.82278579,.73978889,.89686751,.88074261,.61916101,.95504993,2,3,2
MUNICIPALIDAD PROVINCIAL DE UTCUBAMBA - BAGUA GRANDE,MUNICIPALIDAD PROVINCIAL DE UTCUBAMBA - BAGUA GRANDE,.94062304,.79371887,.79134613,1.6992629,.82026953,.12992902,2,3,2
MUNICIPALIDAD PROVINCIAL DE VICTOR FAJARDO - HUANCAPI,MUNICIPALIDAD PROVINCIAL DE VICTOR FAJARDO - HUANCAPI,.48808068,.61056983,.78066379,-1.4441836,.13729453,.046398781,1,1,3
MUNICIPALIDAD PROVINCIAL DE VILCAS HUAMAN,MUNICIPALIDAD PROVINCIAL DE VILCAS HUAMAN,.66452032,.12927134,.66046178,-.21859986,-1.6574997,-.89351678,3,2,1
MUNICIPALIDAD PROVINCIAL DE VIRU,MUNICIPALIDAD PROVINCIAL DE VIRU,.50446981,.37559357,.67106676,-1.3303416,-.73894763,-.81059152,3,2,1
MUNICIPALIDAD PROVINCIAL DE YAROWILCA - CHAVINILLO,MUNICIPALIDAD PROVINCIAL DE YAROWILCA - CHAVINILLO,.74575776,.26151842,.64076072,.34569103,-1.1643414,-1.0475686,3,2,1
MUNICIPALIDAD PROVINCIAL DE YAULI - LA OROYA,MUNICIPALIDAD PROVINCIAL DE YAULI - LA OROYA,.50190663,.9850198,.9673835,-1.3481458,1.5336434,1.5064473,1,1,3
MUNICIPALIDAD PROVINCIAL DE YAUYOS,MUNICIPALIDAD PROVINCIAL DE YAUYOS,.36498886,.33615336,.57079577,-2.2992032,-.88602281,-1.5946571,3,2,1
MUNICIPALIDAD PROVINCIAL DE YUNGAY,MUNICIPALIDAD PROVINCIAL DE YUNGAY,.46392098,.57664168,.78354663,-1.6120015,.010774173,.068941034,1,1,3
MUNICIPALIDAD PROVINCIAL DE YUNGUYO,MUNICIPALIDAD PROVINCIAL DE YUNGUYO,.66099489,.88366646,.85914701,-.24308822,1.1556901,.66009569,1,1,3
MUNICIPALIDAD PROVINCIAL DE ZARUMILLA,MUNICIPALIDAD PROVINCIAL DE ZARUMILLA,.58981735,.50192219,.74566311,-.73750114,-.26785979,-.22728787,1,1,3
MUNICIPALIDAD PROVINCIAL DEL ALTO AMAZONAS - YURIMAGUAS,MUNICIPALIDAD PROVINCIAL DEL ALTO AMAZONAS - YURIMAGUAS,.74329627,.27438498,.77501929,.32859302,-1.1163613,.0022618009,3,2,1
MUNICIPALIDAD PROVINCIAL DEL CALLAO,MUNICIPALIDAD PROVINCIAL DEL CALLAO,.6418221,.75664037,.94287592,-.37626609,.68200129,1.3148111,1,1,3
MUNICIPALIDAD PROVINCIAL DEL CUZCO,MUNICIPALIDAD PROVINCIAL DEL CUZCO,.78089994,.80149394,.86157829,.58979541,.84926325,.67910695,2,3,2
MUNICIPALIDAD PROVINCIAL DEL SANTA - CHIMBOTE,MUNICIPALIDAD PROVINCIAL DEL SANTA - CHIMBOTE,.53343153,.86163032,.86014903,-1.1291679,1.0735158,.6679309,1,1,3
MUNICIPALIDAD PROVINCIAL EL COLLAO - ILAVE,MUNICIPALIDAD PROVINCIAL EL COLLAO - ILAVE,.7956754,.75213385,.89402127,.69242853,.66519618,.9327938,2,3,2
MUNICIPALIDAD PROVINCIAL GRAN CHIMU - CASCAS,MUNICIPALIDAD PROVINCIAL GRAN CHIMU - CASCAS,.51223534,.17954999,.64219093,-1.2764007,-1.4700072,-1.0363851,3,2,1
